series_title,season,link
Found,01,https://nkiri.com/found-s01-complete-tv-series/
The Equalizer,01,https://nkiri.com/the-equalizer-s01-episode-4-added-tv-series/
Goosebumps,01,https://nkiri.com/goosebumps-s01-complete-tv-series/
Swimming With Sharks,01,https://nkiri.com/swimming-with-sharks-s01-complete-tv-series/
Frasier,01,https://nkiri.com/frasier-s01-episode-1-added-tv-series/
The Cleaning Lady,02,https://nkiri.com/the-cleaning-lady-s02-complete-tv-series/
The Family Stallone,01,https://nkiri.com/the-family-stallone-s01-complete-tv-series/
Children Ruin Everything,03,https://nkiri.com/children-ruin-everything-s01-complete-tv-series/
Everything Now,01,https://nkiri.com/everything-now-s01-complete-tv-series/
The Vampire Diaries,08,https://nkiri.com/the-vampire-diaries-s08-complete-tv-series/
The Consultant,01,https://nkiri.com/the-consultant-s01-complete-tv-series/
Loot,01,https://nkiri.com/loot-s01-complete-tv-series/
Reasonable Doubt,01,https://nkiri.com/reasonable-doubt-s01-complete-tv-series/
SurrealEstate,02,https://nkiri.com/surrealestate-s02-complete-tv-series/
Rain Dogs,01,https://nkiri.com/rain-dogs-s01-complete-tv-series/
Berserk: The Golden Age Arc Memorial Edition,01,https://nkiri.com/berserk-the-golden-age-arc-memorial-edition-s01-complete-anime-tv-series/
The Walking Dead: Daryl Dixon,01,https://nkiri.com/the-walking-dead-daryl-dixon-s01-complete-tv-series/
Legend of the Seeker,01,https://nkiri.com/legend-of-the-seeker-s01-complete-tv-series/
Lucky Hank,01,https://nkiri.com/lucky-hank-s01-episode-1-3-added-tv-series/
Sweet Tooth,01,https://nkiri.com/sweet-tooth-s01-complete-tv-series/
Shantaram,01,https://nkiri.com/shantaram-s01-episodes-1-3-added-tv-series__trashed/
Lookism,01,https://nkiri.com/lookism-s01-complete-anime-tv-series/
Murderville,01,https://nkiri.com/murderville-s01-complete-tv-series/
Irreverent,01,https://nkiri.com/irreverent-s01-complete-tv-series/
My Dad the Bounty Hunter,02,https://nkiri.com/my-dad-the-bounty-hunter-s02-complete-tv-series/
The Good Doctor,05,https://nkiri.com/the-good-doctor-s05-episode-3-added-tv-series/
The Umbrella Academy,02,https://nkiri.com/the-umbrella-academy-s02-complete-tv-series/
Royal Crackers,01,https://nkiri.com/royal-crackers-s01-complete-tv-series/
Candy,01,https://nkiri.com/candy-s01-complete-tv-series/
The Chi,04,https://nkiri.com/the-chi-s04-complete-tv-series/
Never Have I Ever,01,https://nkiri.com/never-have-i-ever-s01-and-02-complete-tv-series/
Praise Petey,01,https://nkiri.com/praise-petey-s01-complete-tv-series/
Teen Wolf,04,https://nkiri.com/teen-wolf-s04-complete-tv-series/
Mech Cadets,01,https://nkiri.com/mech-cadets-s01-complete-tv-series/
Solos,01,https://nkiri.com/solos-s01-complete-tv-series__trashed/
The Witcher,01,https://nkiri.com/the-witcher-s01-complete-tv-series/
The Son,01,https://nkiri.com/the-son-s01-s02-complete-tv-series/
Stranger Things,04,https://nkiri.com/stranger-things-s04-complete-tv-series/
Chucky,01,https://nkiri.com/chucky-s01-episode-1-added-tv-series/
The Most Hated Man on the Internet,01,https://nkiri.com/the-most-hated-man-on-the-internet-series-s01-complete-tv-series/
Avatar: The Last Airbender,02,https://nkiri.com/avatar-the-last-airbender-s02-complete-tv-series/
Adventure Time: Fionna & Cake,01,https://nkiri.com/adventure-time-fionna-cake-s01-complete-tv-series/
Krapopolis,01,https://nkiri.com/krapopolis-s01-complete-tv-series/
Romantic Getaway,01,https://nkiri.com/romantic-getaway-s01-complete-tv-series/
La Fortuna,01,https://nkiri.com/archive-81-s01-complete-tv-series/
Heartbreak High,01,https://nkiri.com/heartbreak-high-s01-complete-tv-series/
Avatar: The Last Airbender,01,https://nkiri.com/avatar-the-last-airbender-s01-complete-tv-series/
Spy x Family,01,https://nkiri.com/spy-x-family-s01-complete-tv-series/
Invasion,02,https://nkiri.com/invasion-s02-complete-tv-series/
The Summer I Turned Pretty,01,https://nkiri.com/the-summer-i-turned-pretty-s01-complete-tv-series/
The Last Kingdom,03,https://nkiri.com/the-last-kingdom-s03-s04-s05-complete-tv-series/
Attack on Titan,04,https://nkiri.com/attack-on-titan-s04-part-3complete-tv-series/
Elite,05,https://nkiri.com/elite-s05-complete-tv-series/
The Vampire Diaries,06,https://nkiri.com/the-vampire-diaries-s06-complete-tv-series/
Teen Wolf,01,https://nkiri.com/teen-wolf-s01-s02-complete-tv-series/
Heartstopper,02,https://nkiri.com/heartstopper-s02-complete-tv-series/
The Walking Dead,11,https://nkiri.com/the-walking-dead-s11-complete-tv-series-2/
Killing It,01,https://nkiri.com/killing-it-s01-complete-tv-series/
Star Wars: The Bad Batch,02,https://nkiri.com/star-wars-the-bad-batch-s02-episode-1-2-added-tv-series/
Queen of the South,05,https://nkiri.com/queen-of-the-south-s05-complete-tv-series/
Pantheon,02,https://nkiri.com/pantheon-s02-complete-tv-series/
Rick and Morty,01,https://nkiri.com/rick-and-morty-s01-s02-complete-tv-series/
The Mandalorian,01,https://nkiri.com/the-mandalorian-s01-complete-tv-series/
Sex/Life,01,https://nkiri.com/sex-life-s01-s02-complete-tv-series/
Ms. Marvel,01,https://nkiri.com/ms-marvel-s01-complete-tv-series/
Pretty Little Liars Original Sin,01,https://nkiri.com/pretty-little-liars-original-sin-s01-complete-tv-series/
Shining Girls,01,https://nkiri.com/shining-girls-s01-complete-tv-series/
The Originals,04,https://nkiri.com/the-originals-s04-complete-tv-series/
Still Up,01,https://nkiri.com/still-up-s01-complete-tv-series/
The Good Doctor,04,https://nkiri.com/the-good-doctor-s04-complete-tv-series/
The Watchful Eye,01,https://nkiri.com/the-watchful-eye-s01-complete-tv-series/
Grownish,06,https://nkiri.com/grownish-s06-complete-tv-series/
Outer Banks,01,https://nkiri.com/outer-banks-s01-and-s02-complete-tv-series/
Daniel Spellbound,01,https://nkiri.com/daniel-spellbound-s01-s02-complete-tv-series/
Power Book II Ghost,03,https://nkiri.com/power-book-ii-ghost-s03-complete-tv-series/
The Lazarus Project,01,https://nkiri.com/the-lazarus-project-s01-complete-tv-series/
Money Heist,01,https://nkiri.com/money-heist-s01-complete-tv-series/
Teen Wolf,03,https://nkiri.com/teen-wolf-s03-complete-tv-series/
Teen Wolf,05,https://nkiri.com/teen-wolf-s05-complete-tv-series/
The Man Who Fell to Earth,01,https://nkiri.com/the-man-who-fell-to-earth-s01-complete-tv-series/
Game of Thrones,01,https://nkiri.com/game-of-thrones-s01-and-s02-complete-tv-series/
Love Me,01,https://nkiri.com/love-me-s01-complete-tv-series/
Becoming Elizabeth,01,https://nkiri.com/becoming-elizabeth-s01-complete-tv-series/
Primal,02,https://nkiri.com/primal-s02-complete-tv-series/
Russian Doll,02,https://nkiri.com/russian-doll-s02-complete-tv-series/
Shining Vale,02,https://nkiri.com/shining-vale-s02-complete-tv-series/
Godfather of Harlem,01,https://nkiri.com/godfather-of-harlem-s01-complete-tv-series/
Mythic Quest Raven Banquet,01,https://nkiri.com/mythic-quest-raven-banquet-s01-and-s02-complete-tv-series/
Into the Badlands,03,https://nkiri.com/into-the-badlands-s03-complete-tv-series/
The Boss Baby: Back in the Crib,02,https://nkiri.com/the-boss-baby-back-in-the-crib-s02-complete-tv-series/
Neon,01,https://nkiri.com/neon-s01-complete-tv-series/
Emily in Paris,01,https://nkiri.com/emily-in-paris-s01-and-s02-complete-tv-series/
Painkiller,01,https://nkiri.com/painkiller-s01-complete-tv-series/
Suspicion,01,https://nkiri.com/suspicion-s01-complete-tv-series/
Samurai Rabbit: The Usagi Chronicles,01,https://nkiri.com/samurai-rabbit-the-usagi-chronicles-s01-s02-complete-tv-series/
The Recruit,01,https://nkiri.com/the-recruit-s01-complete-tv-series/
And Just Like That,01,https://nkiri.com/and-just-like-that-s01-complete-tv-series/
Moon Knight,01,https://nkiri.com/moon-knight-s01-episode-1-added-tv-series/
The Long Shadow,01,https://nkiri.com/the-long-shadow-s01-complete-tv-series/
Sky Rojo,03,https://nkiri.com/sky-rojo-s03-complete-tv-series/
Mulligan,01,https://nkiri.com/mulligan-s01-complete-tv-series/
Better Call Saul,06,https://nkiri.com/better-call-saul-s06-complete-tv-series/
Better Call Saul,04,https://nkiri.com/better-call-saul-s04-and-s05-complete-tv-series/
Sonic Prime,02,https://nkiri.com/sonic-prime-s02-complete-tv-series/
Grown-ish,05,https://nkiri.com/grown-ish-s05-complete-tv-series/
The Midnight Club,01,https://nkiri.com/the-midnight-club-complete-tv-series/
Locke and Key,01,https://nkiri.com/locke-and-key-s01-complete-tv-series/
The Continental: From the World of John Wick,01,https://nkiri.com/the-continental-from-the-world-of-john-wick-s01-episode-1-added-tv-series/
The Last Thing He Told Me,01,https://nkiri.com/the-last-thing-he-told-me-complete-tv-series/
Inventing Anna,01,https://nkiri.com/inventing-anna-s01-complete-tv-series/
Circuit Breakers,01,https://nkiri.com/circuit-breakers-s01-complete-tv-series/
The Best Man: The Final Chapter,01,https://nkiri.com/the-best-man-the-final-chapter-s01-complete-tv-series/
Emily in Paris,03,https://nkiri.com/emily-in-paris-s03-complete-tv-series/
The Vampire Diaries,02,https://nkiri.com/the-vampire-diaries-s02-complete-tv-series/
The Morning Show,03,https://nkiri.com/the-morning-show-s03-complete-tv-series/
Payback,01,https://nkiri.com/payback-s01-complete-tv-series/
