series_title,season,link
Invasion,01,https://nkiri.com/invasion-s01-complete-tv-series/
Raised by Wolves,01,https://nkiri.com/raised-by-wolves-s01-complete-tv-series/
Only Murders in the Building,02,https://nkiri.com/only-murders-in-the-building-s02-tv-series/
High School Musical: The Musical: The Series,04,https://nkiri.com/high-school-musical-the-musical-the-series-s04-complete-tv-series/
Our Kind of People,01,https://nkiri.com/our-kind-of-people-complete-tv-series/
The Sex Lives of College Girls,01,https://nkiri.com/the-sex-lives-of-college-girls-s01-complete-tv-series/
Clean Sweep,01,https://nkiri.com/clean-sweep-s01-complete-tv-series/
Peaky Blinders,05,https://nkiri.com/peaky-blinders-s05-complete-tv-series/
The Crossover,01,https://nkiri.com/the-crossover-s01-complete-tv-series/
The End of the Fucking World,01,https://nkiri.com/the-end-of-the-fucking-world-complete-tv-series/
Marco Polo,01,https://nkiri.com/marco-polo-s01-and-s02-complete-tv-series/
All American Homecoming,02,https://nkiri.com/all-american-homecoming-s02-complete-tv-series/
School Spirits,01,https://nkiri.com/school-spirits-s01-episode-1-3-added-tv-series/
Sex Education,03,https://nkiri.com/sex-education-s03-complete-tv-series/
The Mandalorian,03,https://nkiri.com/the-mandalorian-s03-complete-tv-series/
ONE PIECE,01,https://nkiri.com/one-piece-s01-complete-tv-series/
Hotel Portofino,01,https://nkiri.com/hotel-portofino-s01-tv-series/
BMF,02,https://nkiri.com/bmf-s02-complete-tv-series/
Great Expectations,01,https://nkiri.com/great-expectations-s01-complete-tv-series/
Kung Fu,01,https://nkiri.com/kung-fu-s01-season-premiere-tv-series/
Star Wars: Young Jedi Adventures SHORTS,01,https://nkiri.com/star-wars-young-jedi-adventures-shorts-s01-complete-tv-series/
The Quest,01,https://nkiri.com/blood-sisters-s01-complete-tv-series/
Resident Evil Infinite Darkness,01,https://nkiri.com/resident-evil-infinite-darkness-s01-complete-tv-series/
Rabbit Hole,01,https://nkiri.com/rabbit-hole-s01-complete-tv-series/
Clickbait,01,https://nkiri.com/clickbait-s01-complete-tv-series/
Good Omens,01,https://nkiri.com/good-omens-s01-s02-complete-tv-series/
Queen of the South,01,https://nkiri.com/queen-of-the-south-s01-s02-complete-tv-series/
The Winchesters,01,https://nkiri.com/the-winchesters-s01-complete-tv-series/
Gaslit,01,https://nkiri.com/gaslit-s01-episode-1-added-tv-series__trashed/
Narcos : Mexico,03,https://nkiri.com/narcos-mexico-s03-complete-tv-series/
Made For Love,01,https://nkiri.com/made-for-love-s01-complete-tv-series/
Bosch Legacy,02,https://nkiri.com/bosch-legacy-s02-complete-tv-series/
Rick and Morty,07,https://nkiri.com/rick-and-morty-s07-complete-tv-series/
The Walking Dead,04,https://nkiri.com/the-walking-dead-s04-complete-tv-series/
Love Death and Robots,03,https://nkiri.com/love-death-and-robots-s03-complete-tv-series/
Reboot,01,https://nkiri.com/reboot-s01-complete-tv-series/
Extrapolations,01,https://nkiri.com/extrapolations-s01-complete-tv-series/
Bob Hearts Abishola,01,https://nkiri.com/bob-hearts-abishola-s01-complete-tv-series/
Dave,01,https://nkiri.com/dave-s01-s02-complete-tv-series/
Tales of the Walking Dead,01,https://nkiri.com/tales-of-the-walking-dead-s01-complete-tv-series/
Maniac,01,https://nkiri.com/maniac-s01-complete-tv-series/
The Good Doctor,01,https://nkiri.com/the-good-doctor-s01-complete-tv-series/
High School Musical The Musical The Series,02,https://nkiri.com/high-school-musical-the-musical-the-series-s02-complete-tv-series/
Jujutsu Kaisen,01,https://nkiri.com/jujutsu-kaisen-s01-complete-tv-series/
Far From Home,01,https://nkiri.com/far-from-home-s01-complete-tv-series/
The Offer,01,https://nkiri.com/the-offer-s01-complete-tv-series/
Attack On Titan,01,https://nkiri.com/attack-on-titan-s01-complete-tv-series/
Naomi,01,https://nkiri.com/naomi-s01-episode-1-2-added-tv-series/
The Walking Dead,07,https://nkiri.com/the-walking-dead-s07-complete-tv-series/
The Crowded Room,01,https://nkiri.com/the-crowded-room-complete-tv-series/
Shoresy,01,https://nkiri.com/shoresy-s01-complete-tv-series-2/
The Boys,02,https://nkiri.com/the-boys-s02-complete-tv-series/
His Dark Materials,03,https://nkiri.com/his-dark-materials-s03-complete-tv-series/
The Witcher,02,https://nkiri.com/the-witcher-s02-complete-tv-series/
The English,01,https://nkiri.com/the-english-s01-complete-tv-series/
Russian Doll,01,https://nkiri.com/russian-doll-s01-complete-tv-series/
Elite,03,https://nkiri.com/elite-s03-s04-complete-tv-series/
Nolly,01,https://nkiri.com/nolly-complete-tv-series/
Breaking Bad,01,https://nkiri.com/breaking-bad-s01-and-s02-complete-tv-series/
The Umbrella Academy,03,https://nkiri.com/the-umbrella-academy-s03-complete-tv-series/
Single Drunk Female,01,https://nkiri.com/supernatural-academy-s01-complete-tv-series/
Sky Rojo,01,https://nkiri.com/sky-rojo-s01-and-s02-complete-tv-series/
The Summer I Turned Pretty,02,https://nkiri.com/the-summer-i-turned-pretty-s02-complete-tv-series/
Andor,01,https://nkiri.com/andor-s01-complete-tv-series/
Power Book IV Force,02,https://nkiri.com/power-book-iv-force-s02-complete-tv-series/
Foundation,01,https://nkiri.com/foundation-episode-1-2-added-tv-series/
Black Snow,01,https://nkiri.com/black-snow-s01-complete-tv-series/
Full Circle,01,https://nkiri.com/full-circle-s01-complete-tv-series/
Lost in Space,03,https://nkiri.com/lost-in-space-s03-complete-tv-series/
The Walking Dead,03,https://nkiri.com/the-walking-dead-s03-complete-tv-series/
All American,04,https://nkiri.com/all-american-s04-episode-1-added-tv-series/
Raven of the Inner Palace,01,https://nkiri.com/raven-of-the-inner-palace-s01-complete-anime-tv-series/
The Woman in the House Across the Street from the Girl in the Window,01,https://nkiri.com/the-woman-in-the-house-across-the-street-from-the-girl-in-the-window-s01-complete-tv-series/
Nine Perfect Strangers,01,https://nkiri.com/nine-perfect-strangers-s01-complete-tv-series/
The Originals,01,https://nkiri.com/the-originals-s01-complete-tv-series/
Titans,01,https://nkiri.com/titans-s01-and-s02-complete-tv-series/
Gossip Girl,02,https://nkiri.com/gossip-girl-s02-2022-complete-tv-series/
Stay Close,01,https://nkiri.com/stay-close-s01-complete-tv-series/
Cobra Kai,01,https://nkiri.com/cobra-kai-s01-s02-complete-tv-series/
Snowpiercer,03,https://nkiri.com/snowpiercer-s03-compete-tv-series/
Gen V,01,https://nkiri.com/gen-v-s01-complete-tv-series/
Lupin,03,https://nkiri.com/lupin-s03-complete-tv-series/
The Time Travelers Wife,01,https://nkiri.com/the-time-travelers-wife-episode-2-added-tv-series/
Quantum Leap,01,https://nkiri.com/quantum-leap-s01-complete-tv-series/
Chucky,02,https://nkiri.com/chucky-s02-complete-tv-series/
Resident Alien,01,https://nkiri.com/resident-alien-complete-tv-series/
Manifest,04,https://nkiri.com/manifest-s04-part-1-complete-tv-series/
Ragdoll,01,https://nkiri.com/ragdoll-s01-complete-tv-series/
The Idol,01,https://nkiri.com/the-idol-s01-complete-tv-series/
The Irregulars,01,https://nkiri.com/the-irregulars-s01-complete-tv-series/
The Really Loud House,01,https://nkiri.com/the-really-loud-house-s01-complete-tv-series/
Locke & Key,03,https://nkiri.com/locke-and-key-s03-complete-tv-series/
Peacemaker,01,https://nkiri.com/peacemaker-s01-episode-12-3-added-tv-series/
Mammals,01,https://nkiri.com/mammals-s01-complete-tv-series/
Marvels Moon Girl and Devil Dinosaur,01,https://nkiri.com/marvels-moon-girl-and-devil-dinosaur-complete-tv-series/
BMF,01,https://nkiri.com/bmf-s01-episode-3-added-tv-series/
East New York,01,https://nkiri.com/east-new-york-s01-complete-tv-series/
The Originals,02,https://nkiri.com/the-originals-s02-complete-tv-series/
Top Boy,03,https://nkiri.com/top-boy-s03-and-s04-complete-tv-series/
Clone High (2023),01,https://nkiri.com/clone-high-2023-s01-complete-tv-series/
Physical,01,https://nkiri.com/physical-s01-complete-tv-series/
Manifest,03,https://nkiri.com/manifest-s3-complete-tv-series/
Tom Swift,01,https://nkiri.com/tom-swift-s01-complete-tv-series/
Obi-Wan Kenobi,01,https://nkiri.com/obi-wan-kenobi-s01-episode-1-2-added-tv-series/
Sweet Tooth,02,https://nkiri.com/sweet-tooth-s02-complete-tv-series/
Everybody Hates Chris,02,https://nkiri.com/everybody-hates-chris-s02-complete-tv-series/
The Boys,01,https://nkiri.com/the-boys-s01-complete-tv-series/
iCarly,02,https://nkiri.com/icarly-s02-complete-tv-series/
The Burning Girls,01,https://nkiri.com/the-burning-girls-s01-complete-tv-series/
The Lord of the Rings: The Rings of Power,01,https://nkiri.com/the-lord-of-the-rings-the-rings-of-power-s01-tv-series/
The Way Home,01,https://nkiri.com/the-way-home-complete-tv-series/
DI Ray,01,https://nkiri.com/di-ray-s01-complete-tv-series/
Shanty Town,01,https://nkiri.com/shanty-town-s01-complete-tv-series/
Billy The Kid,02,https://nkiri.com/billy-the-kid-s02-complete-tv-series/
The Winter King,01,https://nkiri.com/the-winter-king-s01-complete-tv-series/
Hacks,01,https://nkiri.com/hacks-s01-complete-tv-series/
