series_title,season,link
The Boys Presents Diabolical,01,https://nkiri.com/the-boys-presents-diabolical-s01-complete-tv-series/
Chainsaw Man,01,https://nkiri.com/chainsaw-man-s01-complete-anime-tv-series/
The Croods Family Tree,05,https://nkiri.com/the-croods-family-tree-s05-complete-tv-series/
Legend of the Seeker,01,https://nkiri.com/legend-of-the-seeker-s01-complete-tv-series/
My Adventures With Superman,01,https://nkiri.com/my-adventures-with-superman-s01-episodes-1-2-added-tv-series/
Money Heist,04,https://nkiri.com/money-heist-s04-complete-tv-series/
Squid Game: The Challenge,01,https://nkiri.com/squid-game-the-challenge-s01-complete-tv-series/
Ragdoll,01,https://nkiri.com/ragdoll-s01-complete-tv-series/
Jujutsu Kaisen,01,https://nkiri.com/jujutsu-kaisen-s01-complete-tv-series/
Made for Love,02,https://nkiri.com/made-for-you-s01-complete-tv-series/
Attack On Titan,02,https://nkiri.com/attack-on-titan-s02-s03-complete-tv-series/
The Croods Family Tree,01,https://nkiri.com/the-croods-family-tree-s01-and-s02-complete-tv-series/
The Curse,01,https://nkiri.com/the-curse-s01-complete-tv-series/
Star Trek Strange New Worlds,01,https://nkiri.com/star-trek-strange-new-worlds-s01-complete-tv-series/
The Offer,01,https://nkiri.com/the-offer-s01-complete-tv-series/
Dave,01,https://nkiri.com/dave-s01-s02-complete-tv-series/
Lookism,01,https://nkiri.com/lookism-s01-complete-anime-tv-series/
Roar,01,https://nkiri.com/roar-s01-complete-tv-series/
Las Bravas F.C,01,https://nkiri.com/las-bravas-fc-s01-complete-spanish-tv-series/
Reacher,01,https://nkiri.com/suspicion-s01-episode-1-and-2-tv-series/
Panic,01,https://nkiri.com/panic-s01-complete-tv-series/
Inventing Anna,01,https://nkiri.com/inventing-anna-s01-complete-tv-series/
Attack On Titan,04,https://nkiri.com/attack-on-titan-s04-part-2-episode-1-added-tv-series/
Ghost of Beirut,01,https://nkiri.com/ghost-of-beirut-s01-complete-tv-series/
Elite,05,https://nkiri.com/elite-s05-complete-tv-series/
Rap Shit!,01,https://nkiri.com/rap-shit-s01-complete-tv-series/
Marvels Moon Girl and Devil Dinosaur,01,https://nkiri.com/marvels-moon-girl-and-devil-dinosaur-complete-tv-series/
The Croods Family Tree,03,https://nkiri.com/the-croods-family-tree-s03-complete-tv-series/
Gangsta,01,https://nkiri.com/gangsta-s01-complete-tv-series/
Just Beyond,01,https://nkiri.com/just-beyond-s01-episode-1-added-tv-series/
Queen of the South,05,https://nkiri.com/queen-of-the-south-s05-complete-tv-series/
Money Heist,02,https://nkiri.com/money-heist-s02-and-s03-complete-tv-series/
Orphan Black: Echoes,01,https://nkiri.com/orphan-black-echoes-s01-complete-tv-series/
Game of Thrones,07,https://nkiri.com/game-of-thrones-s07-and-s08-complete-tv-series/
Elite,01,https://nkiri.com/elite-s01-s02-complete-tv-series/
Our Kind of People,01,https://nkiri.com/our-kind-of-people-complete-tv-series/
Black Cake,01,https://nkiri.com/black-cake-s01-complete-tv-series/
Stan Against Evil,01,https://nkiri.com/stan-against-evil-s01-complete-tv-series/
Lawmen: Bass Reeves,01,https://nkiri.com/lawmen-bass-reeves-s01-complete-tv-series/
Harlan Coben’s Shelter,01,https://nkiri.com/harlan-cobens-shelter-s01-complete-tv-series/
Ginny and Georgia,01,https://nkiri.com/ginny-and-georgia-s01-s02-complete-tv-series/
Clone High (2023),01,https://nkiri.com/clone-high-2023-s01-complete-tv-series/
Captain Laserhawk: A Blood Dragon Remix,01,https://nkiri.com/captain-laserhawk-a-blood-dragon-remix-s01-complete-tv-series/
High Card,01,https://nkiri.com/high-card-s01-complete-tv-series/
Legend of the Seeker,02,https://nkiri.com/legend-of-the-seeker-s02-complete-tv-series/
Berserk: The Golden Age Arc Memorial Edition,01,https://nkiri.com/berserk-the-golden-age-arc-memorial-edition-s01-complete-anime-tv-series/
Accused,01,https://nkiri.com/accused-complete-tv-series/
The Last Days of Ptolemy Grey,01,https://nkiri.com/the-last-days-of-ptolemy-grey-s01-episode-1-added-tv-series/
Andor,01,https://nkiri.com/andor-s01-complete-tv-series/
The First Lady,01,https://nkiri.com/the-first-lady-s01-complete-tv-series/
La Fortuna,01,https://nkiri.com/archive-81-s01-complete-tv-series/
Swimming With Sharks,01,https://nkiri.com/swimming-with-sharks-s01-complete-tv-series/
Baymax!,01,https://nkiri.com/baymax-s01-complete-tv-series/
The End of Love,01,https://nkiri.com/the-end-of-love-s01-complete-spanish-tv-series/
The Falcon and the Winter Solider,01,https://nkiri.com/the-falcon-and-the-winter-solider-tv-series/
Lost in Space,03,https://nkiri.com/lost-in-space-s03-complete-tv-series/
Acting Good,02,https://nkiri.com/acting-good-s02-complete-tv-series/
Scrublands,01,https://nkiri.com/scrublands-s01-complete-tv-series/
Irma Vep,01,https://nkiri.com/irma-vep-complete-tv-series/
Rap Shit,02,https://nkiri.com/rap-shit-s02-complete-tv-series/
Queen of the South,03,https://nkiri.com/queen-of-the-south-s03-n-s04-complete-tv-series/
jeen-yuhs A Kanye Trilogy,01,https://nkiri.com/jeen-yuhs-s01-complete-tv-series/
Keep Breathing,01,https://nkiri.com/keep-breathing-s01-complete-tv-series/
Maggie,01,https://nkiri.com/maggie-s01-complete-tv-series/
Marvel’s Hit-Monkey,01,https://nkiri.com/marvels-hit-monkey-s01-complete-tv-series/
Girl From Nowhere,02,https://nkiri.com/girl-from-nowhere-s02-complete-tv-series/
Kaguya sama wa Kokurasetai Love is War,01,https://nkiri.com/kaguya-sama-wa-kokurasetai-love-is-war-complete-anime-tv-series/
Locke & Key,03,https://nkiri.com/locke-and-key-s03-complete-tv-series/
BASTARD!! Heavy Metal Dark Fantasy,01,https://nkiri.com/bastard-heavy-metal-dark-fantasy-s01-complete-tv-series/
Curses!,01,https://nkiri.com/curses-s01-complete-tv-series/
Scott Pilgrim Takes Off,01,https://nkiri.com/scott-pilgrim-takes-off-s01-complete-tv-series/
Pretty Little Liars Original Sin,01,https://nkiri.com/pretty-little-liars-original-sin-s01-complete-tv-series/
The Longest Night,01,https://nkiri.com/the-longest-night-s01-complete-spanish-tv-series/
Beef,01,https://nkiri.com/beef-s01-complete-tv-series/
Hanna,01,https://nkiri.com/hanna-s01-and-s02-complete-tv-series/
Superman and Lois,03,https://nkiri.com/superman-and-lois-s03-complete-tv-series/
How to Ruin Christmas,01,https://nkiri.com/how-to-ruin-christmas-s01-complete-tv-series/
Attack on Titan,04,https://nkiri.com/attack-on-titan-s04-part-3complete-tv-series/
Love & Death,01,https://nkiri.com/love-death-s01-complete-tv-series/
Game of Thrones,05,https://nkiri.com/game-of-thrones-s05-and-s06-complete-tv-series/
Fellow Travelers,01,https://nkiri.com/fellow-travelers-s01-complete-tv-series/
That 90s Show,01,https://nkiri.com/that-90s-show-s01-complete-tv-series/
Girl From Nowhere,01,https://nkiri.com/girl-from-nowhere-s01-complete-tv-series/
Narcos : Mexico,03,https://nkiri.com/narcos-mexico-s03-complete-tv-series/
Marvels M.O.D.O.K (Modok),01,https://nkiri.com/marvels-m-o-d-o-k-modok-s01-complete-tv-series/
Raven of the Inner Palace,01,https://nkiri.com/raven-of-the-inner-palace-s01-complete-anime-tv-series/
Elite,06,https://nkiri.com/elite-s06-complete-tv-series/
Billy The Kid,02,https://nkiri.com/billy-the-kid-s02-complete-tv-series/
Cyberpunk: Edgetunners,01,https://nkiri.com/cyberpunk-edgetunners-s01-complete-tv-series/
The Time Travelers Wife,01,https://nkiri.com/the-time-travelers-wife-episode-2-added-tv-series/
Beacon 23,01,https://nkiri.com/beacon-23-s01-complete-tv-series/
Attack On Titan,01,https://nkiri.com/attack-on-titan-s01-complete-tv-series/
Euphoria,02,https://nkiri.com/euphoria-complete-s02-tv-series/
I Know What You Did Last Summer,01,https://nkiri.com/i-know-what-you-did-last-summer-s01-episodes-1-2-3-4-added-tv-series/
Archive 81,01,https://nkiri.com/too-hot-to-handle-s03-complete-tv-series-2/
God’s Favorite Idiot,01,https://nkiri.com/gods-favorite-idiot-s01-complete-tv-series/
Attack On Titan,04,https://nkiri.com/attack-on-titan-s04-complete-tv-series/
The Croods Family Tree,04,https://nkiri.com/the-croods-family-tree-s04-complete-tv-series/
Elite,03,https://nkiri.com/elite-s03-s04-complete-tv-series/
Kennedy,01,https://nkiri.com/kennedy-s01complete-tv-series/
The Man Who Fell to Earth,01,https://nkiri.com/the-man-who-fell-to-earth-s01-complete-tv-series/
Queen of the South,01,https://nkiri.com/queen-of-the-south-s01-s02-complete-tv-series/
Tekken Bloodline,01,https://nkiri.com/tekken-bloodline-s01-complete-tv-series/
LEGO DreamZzz,01,https://nkiri.com/lego-dreamzzz-s01-complete-tv-series/
Locke and Key,01,https://nkiri.com/locke-and-key-s01-complete-tv-series/
Life After Life,01,https://nkiri.com/life-after-life-s01-complete-tv-series/
Mythic Quest Raven Banquet,01,https://nkiri.com/mythic-quest-raven-banquet-s01-and-s02-complete-tv-series/
Love Death and Robots,03,https://nkiri.com/love-death-and-robots-s03-complete-tv-series/
BLUE EYE SAMURAI,01,https://nkiri.com/blue-eye-samurai-s01-complete-tv-series/
Monarch: Legacy of Monsters,01,https://nkiri.com/monarch-legacy-of-monsters-s01-complete-tv-series/
Hotel Portofino,01,https://nkiri.com/hotel-portofino-s01-tv-series/
Arcane,01,https://nkiri.com/arcane-s01-episode-1-2-and-3-added-tv-series/
For All Man Kind,04,https://nkiri.com/for-all-man-kind-s04-complete-tv-series/
Demon Slayer,01,https://nkiri.com/demon-slayer-s01-complete-tv-series/
Culprits,01,https://nkiri.com/culprits-s01-complete-tv-series/
Money Heist,05,https://nkiri.com/money-heist-s05-complete-tv-series/
Lost in Space,01,https://nkiri.com/lost-in-space-s01-and-s02-complete-tv-series/
Resident Evil Infinite Darkness,01,https://nkiri.com/resident-evil-infinite-darkness-s01-complete-tv-series/
The Buccaneers,01,https://nkiri.com/the-buccaneers-s01-complete-tv-series/
Money Heist,01,https://nkiri.com/money-heist-s01-complete-tv-series/
First Kill,01,https://nkiri.com/first-kill-s01-complete-tv-series/
Fargo,05,https://nkiri.com/fargo-s05-episode-1-added-tv-series/
Demon Slayer,02,https://nkiri.com/demon-slayer-s02-complete-tv-series/
Murderville,01,https://nkiri.com/murderville-s01-complete-tv-series/
Hanna,03,https://nkiri.com/hanna-s03-complete-tv-series/
Game of Thrones,01,https://nkiri.com/game-of-thrones-s01-and-s02-complete-tv-series/
All the Lights We Cannot See,01,https://nkiri.com/all-the-lights-we-cannot-see-s01-complete-tv-series/
Elite,07,https://nkiri.com/elite-s07-complete-tv-series/
Clean Sweep,01,https://nkiri.com/clean-sweep-s01-complete-tv-series/
Jungle,01,https://nkiri.com/jungle-s01-complete-tv-series/
Spy x Family,01,https://nkiri.com/spy-x-family-s01-complete-tv-series/
Gossip Girl 2021,01,https://nkiri.com/gossip-girl-2021-s01-episode-1-added-tv-series/
Far From Home,01,https://nkiri.com/far-from-home-s01-complete-tv-series/
The Snow Girl,01,https://nkiri.com/the-snow-girl-s01-complete-spanish-tv-series/
Peacemaker,01,https://nkiri.com/peacemaker-s01-episode-12-3-added-tv-series/
Game of Thrones,03,https://nkiri.com/game-of-thrones-s03-and-s04-complete-tv-series/
La Jauria,01,https://nkiri.com/la-jauria-s01-complete-spanish-tv-series/
Euphoria,01,https://nkiri.com/euphoria-s01-complete-tv-series/
Locke and Key,02,https://nkiri.com/locke-and-key-s02-complete-tv-series/
Bones of Crows,01,https://nkiri.com/bones-of-crows-s01-complete-tv-series/
