SERIES_TITLE,LINK,SEASON,EPISODE,SERIES_ID
The Boys Presents Diabolical,https://wetafiles.com/5jg7f12zsmel/The.Boys.Presents.Diabolical.S01E01.(NKIRI.COM).noivfdnoivnoidfbiongfbionfgiobionfgbinofogibn.mkv.html,01,01,152483
The Boys Presents Diabolical,https://wetafiles.com/kvnjt30z3yl9/The.Boys.Presents.Diabolical.S01E02.(NKIRI.COM).nodvnfdiovniobniogfionboigfboinoinbgfiongifn.mkv.html,01,02,152483
The Boys Presents Diabolical,https://wetafiles.com/4ok9u4by26w5/The.Boys.Presents.Diabolical.S01E03.(NKIRI.COM).niovnoifvoidfoivnoinbinobinbgfioiobgiogboingfb.mkv.html,01,03,152483
The Boys Presents Diabolical,https://wetafiles.com/munxkmvxfibc/The.Boys.Presents.Diabolical.S01E04.(NKIRI.COM).noivfndnvinbiogfbingfinobiongfionboigfnbngfo.mkv.html,01,04,152483
The Boys Presents Diabolical,https://wetafiles.com/4nny3005ssvs/The.Boys.Presents.Diabolical.S01E05.(NKIRI.COM).noivndfonvdfinovnoidinogbiogfnibiongfbniogifnob.mkv.html,01,05,152483
The Boys Presents Diabolical,https://wetafiles.com/en58cje0x74d/The.Boys.Presents.Diabolical.S01E06.(NKIRI.COM).novnfdoioibgiofnboigfionbgobfiiongfiobngfionb.mkv.html,01,06,152483
The Boys Presents Diabolical,https://wetafiles.com/pfy6dvccrbai/The.Boys.Presents.Diabolical.S01E07.(NKIRI.COM).novonifvoidfoinvoifvodiofdiviongoinfbgoigiob.mkv.html,01,07,152483
The Boys Presents Diabolical,https://wetafiles.com/os4kh6p3y5t8/The.Boys.Presents.Diabolical.S01E08.(NKIRI.COM).nivofdnviodfnovidfoioindbnigobfgobibiogn.mkv.html,01,08,152483
The Croods Family Tree,https://downloadwella.com/g8zkijneuehq/The.Croods.Family.Tree.S05E01.(NKIRI.COM).mkv.html,05,01,132559
The Croods Family Tree,https://downloadwella.com/rbfzkm01ynj2/The.Croods.Family.Tree.S05E02.(NKIRI.COM).mkv.html,05,02,132559
The Croods Family Tree,https://downloadwella.com/3v4qv1pw8e8v/The.Croods.Family.Tree.S05E03.(NKIRI.COM).mkv.html,05,03,132559
The Croods Family Tree,https://downloadwella.com/7aq3zas8d4md/The.Croods.Family.Tree.S05E04.(NKIRI.COM).mkv.html,05,04,132559
The Croods Family Tree,https://downloadwella.com/afo6fuz5h5ak/The.Croods.Family.Tree.S05E05.(NKIRI.COM).mkv.html,05,05,132559
The Croods Family Tree,https://downloadwella.com/qimsp1hitgxj/The.Croods.Family.Tree.S05E06.(NKIRI.COM).mkv.html,05,06,132559
My Adventures With Superman,https://downloadwella.com/sjohitygntis/My.Adventures.with.Superman.S01E01.(NKIRI.COM).mkv.html,01,01,125928
My Adventures With Superman,https://downloadwella.com/va57lai8ae84/My.Adventures.with.Superman.S01E02.(NKIRI.COM).mkv.html,01,02,125928
My Adventures With Superman,https://downloadwella.com/yqbgn4xf39ab/My.Adventures.with.Superman.S01E03.(NKIRI.COM).mkv.html,01,03,125928
My Adventures With Superman,https://downloadwella.com/rkrcihzd3pyu/My.Adventures.with.Superman.S01E04.(NKIRI.COM).mkv.html,01,04,125928
My Adventures With Superman,https://downloadwella.com/qist29aqa7i9/My.Adventures.with.Superman.S01E05.(NKIRI.COM).mkv.html,01,05,125928
My Adventures With Superman,https://downloadwella.com/2w0i8deuw7s9/My.Adventures.with.Superman.S01E06.(NKIRI.COM).mkv.html,01,06,125928
My Adventures With Superman,https://downloadwella.com/uupn0vpx68dd/My.Adventures.with.Superman.S01E07.(NKIRI.COM).mkv.html,01,07,125928
My Adventures With Superman,https://downloadwella.com/c6672qrvqdam/My.Adventures.with.Superman.S01E08.(NKIRI.COM).mkv.html,01,08,125928
My Adventures With Superman,https://downloadwella.com/mn3mgwycxln0/My.Adventures.with.Superman.S01E09.(NKIRI.COM).mkv.html,01,09,125928
Money Heist,https://downloadwella.com/ts8u47rk7h2x/Money.Heist.S04E01.(NKIRI.COM).mkv.html,04,01,71446
Money Heist,https://downloadwella.com/5f4qt0xkocjt/Money.Heist.S04E02.(NKIRI.COM).mkv.html,04,02,71446
Money Heist,https://downloadwella.com/ufmnr88fjkiw/Money.Heist.S04E03.(NKIRI.COM).mkv.html,04,03,71446
Money Heist,https://downloadwella.com/vslz9x3oxg9n/Money.Heist.S04E04.(NKIRI.COM).mkv.html,04,04,71446
Money Heist,https://downloadwella.com/vs0gjkwi08e1/Money.Heist.S04E05.(NKIRI.COM).mkv.html,04,05,71446
Money Heist,https://downloadwella.com/ebhujsyu16f8/Money.Heist.S04E06.(NKIRI.COM).mkv.html,04,06,71446
Money Heist,https://downloadwella.com/m75qtz2k1hao/Money.Heist.S04E07.(NKIRI.COM).mkv.html,04,07,71446
Money Heist,https://downloadwella.com/r4d2modyl641/Money.Heist.S04E08.(NKIRI.COM).mkv.html,04,08,71446
Squid Game: The Challenge,https://downloadwella.com/m7yfibtbe2id/Squid.Game.The.Challenge.S01E01.(NKIRI.COM).mkv.html,01,01,204082
Squid Game: The Challenge,https://downloadwella.com/qxzic4zqvlr6/Squid.Game.The.Challenge.S01E02.(NKIRI.COM).mkv.html,01,02,204082
Squid Game: The Challenge,https://downloadwella.com/uh6n2mufmsjd/Squid.Game.The.Challenge.S01E03.(NKIRI.COM).mkv.html,01,03,204082
Squid Game: The Challenge,https://downloadwella.com/i66sa3tnk7gx/Squid.Game.The.Challenge.S01E04.(NKIRI.COM).mkv.html,01,04,204082
Squid Game: The Challenge,https://downloadwella.com/stli5x650ks0/Squid.Game.The.Challenge.S01E05.(NKIRI.COM).mkv.html,01,05,204082
Squid Game: The Challenge,https://downloadwella.com/7dnfv7aph2a5/Squid.Game.The.Challenge.S01E06.(NKIRI.COM).mkv.html,01,06,204082
Squid Game: The Challenge,https://downloadwella.com/lji7sc67ynv8/Squid.Game.The.Challenge.S01E07.(NKIRI.COM).mkv.html,01,07,204082
Squid Game: The Challenge,https://downloadwella.com/b4nj0s07thad/Squid.Game.The.Challenge.S01E08.(NKIRI.COM).mkv.html,01,08,204082
Squid Game: The Challenge,https://downloadwella.com/gpt2mm5ftzm0/Squid.Game.The.Challenge.S01E09.(NKIRI.COM).mkv.html,01,09,204082
Jujutsu Kaisen,https://downloadwella.com/xwxe9snpqjqi/Jujutsu.Kaisen.S01E01.(NKIRI.COM).mkv.html,01,01,95479
Jujutsu Kaisen,https://downloadwella.com/ga09y0k1np70/Jujutsu.Kaisen.S01E02.(NKIRI.COM).mkv.html,01,02,95479
Jujutsu Kaisen,https://downloadwella.com/ah4lh5hzlxpr/Jujutsu.Kaisen.S01E03.(NKIRI.COM).mkv.html,01,03,95479
Jujutsu Kaisen,https://downloadwella.com/xjpeodnhfeey/Jujutsu.Kaisen.S01E04.(NKIRI.COM).mkv.html,01,04,95479
Jujutsu Kaisen,https://downloadwella.com/em3vvb0iqbl8/Jujutsu.Kaisen.S01E05.(NKIRI.COM).mkv.html,01,05,95479
Jujutsu Kaisen,https://downloadwella.com/dujemle4m2kl/Jujutsu.Kaisen.S01E06.(NKIRI.COM).mkv.html,01,06,95479
Jujutsu Kaisen,https://downloadwella.com/ldrxd3wr5o6u/Jujutsu.Kaisen.S01E07.(NKIRI.COM).mkv.html,01,07,95479
Jujutsu Kaisen,https://downloadwella.com/g6gtb6w90hmm/Jujutsu.Kaisen.S01E08.(NKIRI.COM).mkv.html,01,08,95479
Jujutsu Kaisen,https://downloadwella.com/jvmkqfx4k7q8/Jujutsu.Kaisen.S01E09.(NKIRI.COM).mkv.html,01,09,95479
Jujutsu Kaisen,https://downloadwella.com/51y98ibvwpua/Jujutsu.Kaisen.S01E10.(NKIRI.COM).mkv.html,01,10,95479
Jujutsu Kaisen,https://downloadwella.com/c9kfylm7al09/Jujutsu.Kaisen.S01E11.(NKIRI.COM).mkv.html,01,11,95479
Jujutsu Kaisen,https://downloadwella.com/5rbha2su0il0/Jujutsu.Kaisen.S01E12.(NKIRI.COM).mkv.html,01,12,95479
Jujutsu Kaisen,https://downloadwella.com/g9a21pxdfw6b/Jujutsu.Kaisen.S01E13.(NKIRI.COM).mkv.html,01,13,95479
Jujutsu Kaisen,https://downloadwella.com/c3phq5bjkure/Jujutsu.Kaisen.S01E14.(NKIRI.COM).mkv.html,01,14,95479
Jujutsu Kaisen,https://downloadwella.com/5tdn9e9t38kh/Jujutsu.Kaisen.S01E15.(NKIRI.COM).mkv.html,01,15,95479
Jujutsu Kaisen,https://downloadwella.com/jmoqx3xiabhb/Jujutsu.Kaisen.S01E16.(NKIRI.COM).mkv.html,01,16,95479
Jujutsu Kaisen,https://downloadwella.com/f93mtv1bzh9x/Jujutsu.Kaisen.S01E17.(NKIRI.COM).mkv.html,01,17,95479
Jujutsu Kaisen,https://downloadwella.com/uc1spio7foah/Jujutsu.Kaisen.S01E18.(NKIRI.COM).mkv.html,01,18,95479
Jujutsu Kaisen,https://downloadwella.com/73d82mf6b6x0/Jujutsu.Kaisen.S01E19.(NKIRI.COM).mkv.html,01,19,95479
Jujutsu Kaisen,https://downloadwella.com/la2hbhka7buj/Jujutsu.Kaisen.S01E20.(NKIRI.COM).mkv.html,01,20,95479
Jujutsu Kaisen,https://downloadwella.com/olygcmqgaytt/Jujutsu.Kaisen.S01E21.(NKIRI.COM).mkv.html,01,21,95479
Jujutsu Kaisen,https://downloadwella.com/nsn5dsgwrkv7/Jujutsu.Kaisen.S01E22.(NKIRI.COM).mkv.html,01,22,95479
Jujutsu Kaisen,https://downloadwella.com/w7qxk8uzoj8u/Jujutsu.Kaisen.S01E23.(NKIRI.COM).mkv.html,01,23,95479
Jujutsu Kaisen,https://downloadwella.com/ri6vg2fssecf/Jujutsu.Kaisen.S01E24.(NKIRI.COM).mkv.html,01,24,95479
Made for Love,https://wetafiles.com/xqearnahpuao/Made.for.Love.S02E01.(NKIRI.COM).niovnibgioifgnboigfobbingfb.mkv.html,02,01,90970
Made for Love,https://wetafiles.com/e7e8ksq0yorr/Made.for.Love.S02E02.(NKIRI.COM).nivofdivnodfinbgnbigbbbgb.mkv.html,02,02,90970
Made for Love,https://wetafiles.com/f59koczbd0tl/Made.For.Love.S02E03.(NKIRI.COM).nndfobinfoibofibnofngbongfb.mkv.html,02,03,90970
Made for Love,https://wetafiles.com/e6p07z61gouo/Made.For.Love.S02E04.(NKIRI.COM).nivonfoidfionvoidfnoiboigbgb.mkv.html,02,04,90970
Made for Love,https://wetafiles.com/f66c3mq4g5ip/Made.For.Love.S02E05.(NKIRI.COM).niovnoidfnonboifngoinfgbiog.mkv.html,02,05,90970
Made for Love,https://wetafiles.com/utan5gidm438/Made.For.Love.S02E06.(NKIRI.COM).novfnodnbonofnbofinboingibg.mkv.html,02,06,90970
Made for Love,https://wetafiles.com/4839cah3q2km/Made.for.Love.S02E07.(NKIRI.COM).niovnfdoinogbnofgnoifgnboigfbb.mkv.html,02,07,90970
Made for Love,https://wetafiles.com/gjjei79g2dbe/Made.for.Love.S02E08.(NKIRI.COM).niovnfdoinbvoidfgnbogfnbiongfgfb.mkv.html,02,08,90970
The Curse,https://downloadwella.com/aac9g6mid8ud/The.Curse.2023.S01E01.(NKIRI.COM).mkv.html,01,01,114655
The Curse,https://downloadwella.com/ar08nmgzyv53/The.Curse.2023.S01E02.(NKIRI.COM).mkv.html,01,02,114655
The Curse,https://downloadwella.com/pryoxqxlc481/The.Curse.2023.S01E03.(NKIRI.COM).mkv.html,01,03,114655
The Curse,https://downloadwella.com/okfsm91rpxml/The.Curse.2023.S01E04.(NKIRI.COM).mkv.html,01,04,114655
Star Trek Strange New Worlds,https://wetafiles.com/zx2nyottmaty/Star.Trek.Strange.New.Worlds.S01E01.(NKIRI.COM).nivofndoibnonogfbofgbnbgf.mkv.html,01,01,103516
Star Trek Strange New Worlds,https://wetafiles.com/szc0xgp4mpov/Star.Trek.Strange.New.Worlds.S01E02.(NKIRI.COM).noidoibnfoibfobnoinfgobinoigbog.mkv.html,01,02,103516
Star Trek Strange New Worlds,https://wetafiles.com/yy6lakebt7jc/Star.Trek.Strange.New.Worlds.S01E03.(NKIRI.COM).niovnfdoinboignboignfobigfgbf.mkv.html,01,03,103516
Star Trek Strange New Worlds,https://wetafiles.com/skkhdxw82ezs/Star.Trek.Strange.New.Worlds.S01E04.(NKIRI.COM).nivodfnboingnofgnbigbgbfgfbd.mkv.html,01,04,103516
Star Trek Strange New Worlds,https://wetafiles.com/u7to0llakpzx/Star.Trek.Strange.New.Worlds.S01E05.(NKIRI.COM).noivfndoivndfoinbonoifggfbnh.mkv.html,01,05,103516
Star Trek Strange New Worlds,https://wetafiles.com/n5t5nwhu04yl/Star.Trek.Strange.New.Worlds.S01E06.(NKIRI.COM).vfinvidnviufbviugniufgnbfgb.mkv.html,01,06,103516
Star Trek Strange New Worlds,https://wetafiles.com/i4fqw3wel9vj/Star.Trek.Strange.New.Worlds.S01E07.(NKIRI.COM).niovnfdinobignogfnboifgnoigfb.mkv.html,01,07,103516
Star Trek Strange New Worlds,https://wetafiles.com/37qsao7p1gix/Star.Trek.Strange.New.Worlds.S01E08.(NKIRI.COM).niovndfoinnoiboingbnigfbgfb.mkv.html,01,08,103516
Star Trek Strange New Worlds,https://wetafiles.com/7i1ihzsth1po/Star.Trek.Strange.New.Worlds.S01E09.(NKIRI.COM).nindobnognbofgnboinfgboinbg.mkv.html,01,09,103516
Star Trek Strange New Worlds,https://wetafiles.com/qfbpv6gc63pv/Star.Trek.Strange.New.Worlds.S01E10.(NKIRI.COM).niovndfoibnfgnbgonbofnoif.mkv.html,01,10,103516
Dave,https://downloadwella.com/4oj8r456evc4/Dave.S01E01.(NKIRI.COM).mkv.html,01,01,97084
Dave,https://downloadwella.com/1unk8649rvf6/Dave.S01E02.(NKIRI.COM).mkv.html,01,02,97084
Dave,https://downloadwella.com/2cg0dcrrxqou/Dave.S01E03.(NKIRI.COM).mkv.html,01,03,97084
Dave,https://downloadwella.com/vzalvqemcfp5/Dave.S01E04.(NKIRI.COM).mkv.html,01,04,97084
Dave,https://downloadwella.com/1b1amwouc976/Dave.S01E05.(NKIRI.COM).mkv.html,01,05,97084
Dave,https://downloadwella.com/gkroujbfveyc/Dave.S01E06.(NKIRI.COM).mkv.html,01,06,97084
Dave,https://downloadwella.com/3a2hru0ttdmi/Dave.S01E07.(NKIRI.COM).mkv.html,01,07,97084
Dave,https://downloadwella.com/pc6v6u2ez6nr/Dave.S01E08.(NKIRI.COM).mkv.html,01,08,97084
Dave,https://downloadwella.com/h0gw8d5yn1kx/Dave.S01E09.(NKIRI.COM).mkv.html,01,09,97084
Dave,https://downloadwella.com/r2ljx04y9esg/Dave.S01E10.(NKIRI.COM).mkv.html,01,10,97084
Dave,https://downloadwella.com/gcq8cvjbxqv3/Dave.S02E01.(NKIRI.COM).mkv.html,02,01,97084
Dave,https://downloadwella.com/ov4zvjywa2h6/Dave.S02E02.(NKIRI.COM).mkv.html,02,02,97084
Dave,https://downloadwella.com/ohskv1po8a7n/Dave.S02E03.(NKIRI.COM).mkv.html,02,03,97084
Dave,https://downloadwella.com/p9huzdgvwujt/Dave.S02E04.(NKIRI.COM).mkv.html,02,04,97084
Dave,https://downloadwella.com/z5j5qcz0tkkp/Dave.S02E05.(NKIRI.COM).mkv.html,02,05,97084
Dave,https://downloadwella.com/r8i5ath1u7yj/Dave.S02E06.(NKIRI.COM).mkv.html,02,06,97084
Dave,https://downloadwella.com/0bey6kyeme7p/Dave.S02E07.(NKIRI.COM).mkv.html,02,07,97084
Dave,https://downloadwella.com/jrzj0xyuecor/Dave.S02E08.(NKIRI.COM).mkv.html,02,08,97084
Dave,https://downloadwella.com/duye6njjs57x/Dave.S02E09.(NKIRI.COM).mkv.html,02,09,97084
Dave,https://downloadwella.com/rzxxkbspwkfl/Dave.S02E10.(NKIRI.COM).mkv.html,02,10,97084
Lookism,https://downloadwella.com/oba4mvpyrgl6/Lookism.2022.S01E01.(NKIRI.COM).mkv.html,01,01,210942
Lookism,https://downloadwella.com/0s1xcebpsqpn/Lookism.2022.S01E02.(NKIRI.COM).mkv.html,01,02,210942
Lookism,https://downloadwella.com/ea5k0h1ujf06/Lookism.2022.S01E03.(NKIRI.COM).mkv.html,01,03,210942
Lookism,https://downloadwella.com/zml9vdklpr6d/Lookism.2022.S01E04.(NKIRI.COM).mkv.html,01,04,210942
Lookism,https://downloadwella.com/zxgwg7xqbup3/Lookism.2022.S01E05.(NKIRI.COM).mkv.html,01,05,210942
Lookism,https://downloadwella.com/gdy13y7y4c2k/Lookism.2022.S01E06.(NKIRI.COM).mkv.html,01,06,210942
Lookism,https://downloadwella.com/45g5te3w843r/Lookism.2022.S01E07.(NKIRI.COM).mkv.html,01,07,210942
Lookism,https://downloadwella.com/g01ytj0bu2pn/Lookism.2022.S01E08.(NKIRI.COM).mkv.html,01,08,210942
Ghost of Beirut,https://downloadwella.com/xfj6zzg51sux/Ghosts.of.Beirut.S01E01.(NKIRI.COM).mkv.html,01,01,224009
Ghost of Beirut,https://downloadwella.com/la8normuzw5q/Ghosts.of.Beirut.S01E02.(NKIRI.COM).mkv.html,01,02,224009
Ghost of Beirut,https://downloadwella.com/ixh5yc6nj5pa/Ghosts.of.Beirut.S01E03.(NKIRI.COM).mkv.html,01,03,224009
Ghost of Beirut,https://downloadwella.com/hifvsgg0cyb4/Ghosts.of.Beirut.S01E04.(NKIRI.COM).mkv.html,01,04,224009
Rap Shit!,https://downloadwella.com/a6vvwlsdz4qa/Rap.shit.s01e01.(NKIRI.COM).niovndfvndofnvdfoivv.mkv.html,01,01,155772
Rap Shit!,https://downloadwella.com/bfbc1xvu1a8z/Rap.Shit.S01E02.(NKIRI.COM).ninvoifnbongfonifgboifnbobf.mkv.html,01,02,155772
Rap Shit!,https://downloadwella.com/h5l8ic1xqo5e/Rap.Shit.S01E03.(NKIRI.COM).noivndfonbgfnbfgnbgbniogbgb.mkv.html,01,03,155772
Rap Shit!,https://downloadwella.com/nkq9zweq2bnn/Rap.Shit.S01E04.(NKIRI.COM).niovnfoinvodfnvdfi.mkv.html,01,04,155772
Rap Shit!,https://downloadwella.com/pd4b4o51y5mr/Rap.shit.s01e05.(NKIRI.COM).nivnfdoivndofnvffv.mkv.html,01,05,155772
Rap Shit!,https://downloadwella.com/58sza6b2j0n7/Rap.Shit.S01E06.(NKIRI.COM).niocndsoivndofinvvfv.mkv.html,01,06,155772
Rap Shit!,https://downloadwella.com/oh6nse45fh6i/Rap.Shit.S01E07.(NKIRI.COM).niovnofidnoibngfibnoifbgbg.mkv.html,01,07,155772
Rap Shit!,https://downloadwella.com/o7mfqwdepfuv/Rap.Shit.S01E08.(NKIRI.COM).mp4.html,01,08,155772
Marvels Moon Girl and Devil Dinosaur,https://downloadwella.com/7yn12esutyyp/Marvels.Moon.Girl.and.Devil.Dinosaur.S01E01.(NKIRI.COM).mkv.html,01,01,92788
Marvels Moon Girl and Devil Dinosaur,https://downloadwella.com/2ybyiz6sx6uf/Marvels.Moon.Girl.and.Devil.Dinosaur.S01E02.(NKIRI.COM).mkv.html,01,02,92788
Marvels Moon Girl and Devil Dinosaur,https://downloadwella.com/rnsdt9n7bwrq/Marvels.Moon.Girl.and.Devil.Dinosaur.S01E03.(NKIRI.COM).mkv.html,01,03,92788
Marvels Moon Girl and Devil Dinosaur,https://downloadwella.com/pl7g67ltcaw8/Marvels.Moon.Girl.and.Devil.Dinosaur.S01E04.(NKIRI.COM).mkv.html,01,04,92788
Marvels Moon Girl and Devil Dinosaur,https://downloadwella.com/8xcfsizkbbzv/Marvels.Moon.Girl.and.Devil.Dinosaur.S01E05.(NKIRI.COM).mkv.html,01,05,92788
Marvels Moon Girl and Devil Dinosaur,https://downloadwella.com/b1dtunsy66ph/Marvels.Moon.Girl.and.Devil.Dinosaur.S01E06.(NKIRI.COM).mkv.html,01,06,92788
Marvels Moon Girl and Devil Dinosaur,https://downloadwella.com/xvxh9784yv2w/Marvels.Moon.Girl.and.Devil.Dinosaur.S01E07.(NKIRI.COM).mkv.html,01,07,92788
Marvels Moon Girl and Devil Dinosaur,https://downloadwella.com/2p919tm583sn/Marvels.Moon.Girl.and.Devil.Dinosaur.S01E08.(NKIRI.COM).mkv.html,01,08,92788
Marvels Moon Girl and Devil Dinosaur,https://downloadwella.com/t5skbcjtv1zv/Marvels.Moon.Girl.and.Devil.Dinosaur.S01E09.(NKIRI.COM).mkv.html,01,09,92788
Marvels Moon Girl and Devil Dinosaur,https://downloadwella.com/dxzu5mvbxuui/Marvels.Moon.Girl.and.Devil.Dinosaur.S01E10.(NKIRI.COM).mkv.html,01,10,92788
Marvels Moon Girl and Devil Dinosaur,https://downloadwella.com/mbmnjuf41scu/Marvels.Moon.Girl.and.Devil.Dinosaur.S01E11.(NKIRI.COM).mkv.html,01,11,92788
Marvels Moon Girl and Devil Dinosaur,https://downloadwella.com/vi7qjnsqeb5u/Marvels.Moon.Girl.and.Devil.Dinosaur.S01E12.(NKIRI.COM).mkv.html,01,12,92788
Marvels Moon Girl and Devil Dinosaur,https://downloadwella.com/yhhr6jw4b6df/Marvels.Moon.Girl.and.Devil.Dinosaur.S01E13.(NKIRI.COM).mkv.html,01,13,92788
Marvels Moon Girl and Devil Dinosaur,https://downloadwella.com/b2fz5pl3nl4x/Marvels.Moon.Girl.and.Devil.Dinosaur.S01E14.(NKIRI.COM).mkv.html,01,14,92788
Marvels Moon Girl and Devil Dinosaur,https://downloadwella.com/6pn14rfwwrun/Marvels.Moon.Girl.and.Devil.Dinosaur.S01E15.(NKIRI.COM).mkv.html,01,15,92788
Marvels Moon Girl and Devil Dinosaur,https://downloadwella.com/nqr5gdjhslg2/Marvels.Moon.Girl.and.Devil.Dinosaur.S01E16.(NKIRI.COM).mkv.html,01,16,92788
The Croods Family Tree,https://wetafiles.com/gwde5c31vg1u/The.Croods.Family.Tree.S03E01.(NKIRI.COM).ncidfnvonvboibn.mkv.html,03,01,132559
The Croods Family Tree,https://wetafiles.com/dmbojbe2e6o2/The.Croods.Family.Tree.S03E02.(NKIRI.COM).gfbnoigfnboingb.mkv.html,03,02,132559
The Croods Family Tree,https://wetafiles.com/bz0bdx1oc166/The.Croods.Family.Tree.S03E03.(NKIRI.COM).vfvdfvdrfggfhgfh.mkv.html,03,03,132559
The Croods Family Tree,https://wetafiles.com/apelr15wc25b/The.Croods.Family.Tree.S03E04.(NKIRI.COM).vfdbdfvbuidfvuib.mkv.html,03,04,132559
The Croods Family Tree,https://wetafiles.com/qwz1ok0lyzvf/The.Croods.Family.Tree.S03E05.(NKIRI.COM).vfdiubdfvbiubfdv.mkv.html,03,05,132559
The Croods Family Tree,https://wetafiles.com/jweal9wv9zkb/The.Croods.Family.Tree.S03E06.(NKIRI.COM).vfbvfdbuidfviufd.mkv.html,03,06,132559
Money Heist,https://downloadwella.com/ledblk9sqp97/La.Casa.de.Papel.S02E01.(NKIRI.COM).mkv.html,02,01,71446
Money Heist,https://downloadwella.com/6skf6qvgarkl/La.Casa.de.Papel.S02E02.(NKIRI.COM).mkv.html,02,02,71446
Money Heist,https://downloadwella.com/nzind332stxo/La.Casa.de.Papel.S02E03.(NKIRI.COM).mkv.html,02,03,71446
Money Heist,https://downloadwella.com/c2tkdiat3xbd/La.Casa.de.Papel.S02E04.(NKIRI.COM).mkv.html,02,04,71446
Money Heist,https://downloadwella.com/ncoohqhokzfh/La.Casa.de.Papel.S02E05.(NKIRI.COM).mkv.html,02,05,71446
Money Heist,https://downloadwella.com/04m59i5bsk7n/La.Casa.de.Papel.S02E06.(NKIRI.COM).mkv.html,02,06,71446
Money Heist,https://downloadwella.com/wsy9m2kssrjk/La.Casa.de.Papel.S02E07.(NKIRI.COM).mkv.html,02,07,71446
Money Heist,https://downloadwella.com/e30qwnvxpgpj/La.Casa.de.Papel.S02E08.(NKIRI.COM).mkv.html,02,08,71446
Money Heist,https://downloadwella.com/njd8v7czqtu9/La.Casa.de.Papel.S02E09.(NKIRI.COM).mkv.html,02,09,71446
Money Heist,https://downloadwella.com/n8anepsxeri6/La_Casa_De_Papel_S03E01.(NKIRI.COM).mkv.html,03,01,71446
Money Heist,https://downloadwella.com/0wq3qunf9f4s/La_Casa_De_Papel_S03E02.(NKIRI.COM).mkv.html,03,02,71446
Money Heist,https://downloadwella.com/wgxjdvrlk8z7/La_Casa_De_Papel_S03E03.(NKIRI.COM).mkv.html,03,03,71446
Money Heist,https://downloadwella.com/hzwy4iyz3anr/La_Casa_De_Papel_S03E04.(NKIRI.COM).mkv.html,03,04,71446
Money Heist,https://downloadwella.com/plia7dftw9yb/La_Casa_De_Papel_S03E05.(NKIRI.COM).mkv.html,03,05,71446
Money Heist,https://downloadwella.com/tkx82m2iiu93/La_Casa_De_Papel_S03E06.(NKIRI.COM).mkv.html,03,06,71446
Money Heist,https://downloadwella.com/odwb8fagah0s/La_Casa_De_Papel_S03E07.(NKIRI.COM).mkv.html,03,07,71446
Money Heist,https://downloadwella.com/z7aq7hvotw7r/La_Casa_De_Papel_S03E08.(NKIRI.COM).mkv.html,03,08,71446
Orphan Black: Echoes,https://downloadwella.com/xng2phki2wup/Orphan.Black.Echoes.S01E01.(NKIRI.COM).mkv.html,01,01,206916
Orphan Black: Echoes,https://downloadwella.com/vembzs6g1ms8/Orphan.Black.Echoes.S01E02.(NKIRI.COM).mkv.html,01,02,206916
Orphan Black: Echoes,https://downloadwella.com/sswnxmmqs143/Orphan.Black.Echoes.S01E03.(NKIRI.COM).mkv.html,01,03,206916
Orphan Black: Echoes,https://downloadwella.com/32lkjlzxj366/Orphan.Black.Echoes.S01E04.(NKIRI.COM).mkv.html,01,04,206916
Orphan Black: Echoes,https://downloadwella.com/zjyhszn5fxlg/Orphan.Black.Echoes.S01E05.(NKIRI.COM).mkv.html,01,05,206916
Orphan Black: Echoes,https://downloadwella.com/dkj6pywsw3nq/Orphan.Black.Echoes.S01E06.(NKIRI.COM).mkv.html,01,06,206916
Orphan Black: Echoes,https://downloadwella.com/vy5kz2zf0j6c/Orphan.Black.Echoes.S01E07.(NKIRI.COM).mkv.html,01,07,206916
Orphan Black: Echoes,https://downloadwella.com/mrpg3rb6bl8q/Orphan.Black.Echoes.S01E08.(NKIRI.COM).mkv.html,01,08,206916
Orphan Black: Echoes,https://downloadwella.com/fbhtkukic0v4/Orphan.Black.Echoes.S01E09.(NKIRI.COM).mkv.html,01,09,206916
Orphan Black: Echoes,https://downloadwella.com/hy0asbgl6qhd/Orphan.Black.Echoes.S01E10.(NKIRI.COM).mkv.html,01,10,206916
Elite,https://wetafiles.com/13pflw7yurj1/Elite.S01E01.(NKIRI.COM).ncsdiocnsdioncosidcs.mkv.html,01,01,76669
Elite,https://wetafiles.com/2w260km5y2a2/Elite.S01E02.(NKIRI.COM).nocisdncoisndiocnisdoncsd.mkv.html,01,02,76669
Elite,https://wetafiles.com/9nra93w7qzpk/Elite.S01E03.(NKIRI.COM).ncisdncoisdncosjcoicjiosdio.mkv.html,01,03,76669
Elite,https://wetafiles.com/gbx9ocooyvyq/Elite.S01E04.(NKIRI.COM).miofvnoifndoivfiovjdiojvoidfiod.mkv.html,01,04,76669
Elite,https://wetafiles.com/k1wik532pjox/Elite.S01E05.(NKIRI.COM).niocscisdjciosdjcisdjiojocdjdd.mkv.html,01,05,76669
Elite,https://wetafiles.com/eel83rqjqjgz/Elite.S01E06.(NKIRI.COM).niosncdiociosdjoijviofjviodfioj.mkv.html,01,06,76669
Elite,https://wetafiles.com/sf6j64z7huf0/Elite.S01E07.(NKIRI.COM).niosdnicnsdiovodivjiovjfiovjf.mkv.html,01,07,76669
Elite,https://wetafiles.com/thkgvytgwox5/Elite.S01E08.(NKIRI.COM).ncosidnoisdnviodnvfuvbfi.mkv.html,01,08,76669
Elite,https://wetafiles.com/idurwa5apwsg/Elite.S02E01.(NKIRI.COM).nionciosdncisdcnosidcnsdc.mkv.html,02,01,76669
Elite,https://wetafiles.com/ba8xnakmwboo/Elite.S02E02.(NKIRI.COM).nciosacniosdcoisdnciosdnciosd.mkv.html,02,02,76669
Elite,https://wetafiles.com/3o4qw1zjgr39/Elite.S02E03.(NKIRI.COM).bcjidbciusdbciusdbchisuds.mkv.html,02,03,76669
Elite,https://wetafiles.com/li1ijg2n91l9/Elite.S02E04.(NKIRI.COM).mcodmciosdcmsoicniosncosinds.mkv.html,02,04,76669
Elite,https://wetafiles.com/ju4xhe5ax0us/Elite.S02E05.(NKIRI.COM).bcuisdcbisudbcsuiiudsuidsisd.mkv.html,02,05,76669
Elite,https://wetafiles.com/iqcvccoau4bh/Elite.S02E06.(NKIRI.COM).cisdhciosdhocihsciohsiodciods.mkv.html,02,06,76669
Elite,https://wetafiles.com/sk9dq57g800t/Elite.S02E07.(NKIRI.COM).mckdnciodsnciosdcsiodchsoisdsd.mkv.html,02,07,76669
Elite,https://wetafiles.com/b23zwety6h8h/Elite.S02E08.(NKIRI.COM).njkvosfivnosvnoivnodifiood.mkv.html,02,08,76669
Black Cake,https://downloadwella.com/n31xzxdz9d3b/Black.Cake.S01E01.(NKIRI.COM).mkv.html,01,01,230225
Black Cake,https://downloadwella.com/ienr6edtpc4e/Black.Cake.S01E02.(NKIRI.COM).mkv.html,01,02,230225
Black Cake,https://downloadwella.com/vcb0xlsbfgah/Black.Cake.S01E03.(NKIRI.COM).mkv.html,01,03,230225
Black Cake,https://downloadwella.com/8g259thqynnq/Black.cake.S01E04.(NKIRI.COM).mkv.html,01,04,230225
Black Cake,https://downloadwella.com/lj6ii9hkmw5a/Black.Cake.S01E05.(NKIRI.COM).mkv.html,01,05,230225
Black Cake,https://downloadwella.com/dvvwo8uhobwm/Black.Cake.S01E06.(NKIRI.COM).mkv.html,01,06,230225
Black Cake,https://downloadwella.com/rhwjlos7nfb6/Black.Cake.S01E07.(NKIRI.COM).mkv.html,01,07,230225
Stan Against Evil,https://downloadwella.com/u1z2bklplc1n/Stan.Against.Evil.S01E01.(NKIRI.COM).mkv.html,01,01,67832
Stan Against Evil,https://downloadwella.com/pffujidn7n7l/Stan.Against.Evil.S01E02.(NKIRI.COM).mkv.html,01,02,67832
Stan Against Evil,https://downloadwella.com/gfazl3nw922o/Stan.Against.Evil.S01E03.(NKIRI.COM).mkv.html,01,03,67832
Stan Against Evil,https://downloadwella.com/uu3rkfhkreyo/Stan.Against.Evil.S01E04.(NKIRI.COM).mkv.html,01,04,67832
Stan Against Evil,https://downloadwella.com/i8njgzdcm6vs/Stan.Against.Evil.S01E05.(NKIRI.COM).mkv.html,01,05,67832
Stan Against Evil,https://downloadwella.com/5jviwd65ligz/Stan.Against.Evil.S01E06.(NKIRI.COM).mkv.html,01,06,67832
Stan Against Evil,https://downloadwella.com/djde9gdwxk9g/Stan.Against.Evil.S01E07.(NKIRI.COM).mkv.html,01,07,67832
Stan Against Evil,https://downloadwella.com/gslo79t53a8h/Stan.Against.Evil.S01E08.(NKIRI.COM).mkv.html,01,08,67832
Lawmen: Bass Reeves,https://downloadwella.com/qkjmwtoschof/Lawmen.Bass.Reeves.S01E01.(NKIRI.COM).mkv.html,01,01,157732
Lawmen: Bass Reeves,https://downloadwella.com/rupuepi97ae4/Lawmen.Bass.Reeves.S01E02.(NKIRI.COM).mkv.html,01,02,157732
Lawmen: Bass Reeves,https://downloadwella.com/1f4f5i6icnmg/Lawmen.Bass.Reeves.S01E03.(NKIRI.COM).mkv.html,01,03,157732
Lawmen: Bass Reeves,https://downloadwella.com/x8s5dbszmbc1/Lawmen.Bass.Reeves.S01E04.(NKIRI.COM).mkv.html,01,04,157732
Lawmen: Bass Reeves,https://downloadwella.com/e8rg3zdzl0u6/Lawmen.Bass.Reeves.S01E05.(NKIRI.COM).mkv.html,01,05,157732
Harlan Coben’s Shelter,https://downloadwella.com/a3ymg424lxq9/Harlan.Cobens.Shelter.S01E01.(NKIRI.COM).mkv.html,01,01,
Harlan Coben’s Shelter,https://downloadwella.com/kl75pqtkr4zz/Harlan.Cobens.Shelter.S01E02.(NKIRI.COM).mkv.html,01,02,
Harlan Coben’s Shelter,https://downloadwella.com/y6fmohjlwpty/Harlan.Cobens.Shelter.S01E03.(NKIRI.COM).mkv.html,01,03,
Harlan Coben’s Shelter,https://downloadwella.com/aqmcbrbghk3s/Harlan.Cobens.Shelter.S01E04.(NKIRI.COM).mkv.html,01,04,
Harlan Coben’s Shelter,https://downloadwella.com/4zaa1dhbamyp/Harlan.Cobens.Shelter.S01E05.(NKIRI.COM).mkv.html,01,05,
Harlan Coben’s Shelter,https://downloadwella.com/s9uqlz9imt92/Harlan.Cobens.Shelter.S01E06.(NKIRI.COM).mkv.html,01,06,
Harlan Coben’s Shelter,https://downloadwella.com/to46rynfux7b/Harlan.Cobens.Shelter.S01E07.(NKIRI.COM).mkv.html,01,07,
Harlan Coben’s Shelter,https://downloadwella.com/xzkwlq2dh4n9/Harlan.Cobens.Shelter.S01E08.(NKIRI.COM).mkv.html,01,08,
Ginny and Georgia,https://downloadwella.com/mr6sb87qreu0/Ginny.and.Georgia.S01E01.(NKIRI.COM).mkv.html,01,01,117581
Ginny and Georgia,https://downloadwella.com/v337ie673mkm/Ginny.and.Georgia.S01E02.(NKIRI.COM).mkv.html,01,02,117581
Ginny and Georgia,https://downloadwella.com/t5lhqgthjfr4/Ginny.and.Georgia.S01E03.(NKIRI.COM).mkv.html,01,03,117581
Ginny and Georgia,https://downloadwella.com/ylpphi72o6rk/Ginny.and.Georgia.S01E04.(NKIRI.COM).mkv.html,01,04,117581
Ginny and Georgia,https://downloadwella.com/pobdcxi2sp8m/Ginny.and.Georgia.S01E05.(NKIRI.COM).mkv.html,01,05,117581
Ginny and Georgia,https://downloadwella.com/rgm5waewpck4/Ginny.and.Georgia.S01E06.(NKIRI.COM).mkv.html,01,06,117581
Ginny and Georgia,https://downloadwella.com/ysgjivr79g2r/Ginny.and.Georgia.S01E07.(NKIRI.COM).mkv.html,01,07,117581
Ginny and Georgia,https://downloadwella.com/1uc9kft3y039/Ginny.and.Georgia.S01E08.(NKIRI.COM).mkv.html,01,08,117581
Ginny and Georgia,https://downloadwella.com/cxbq0xnsz6n7/Ginny.and.Georgia.S01E09.(NKIRI.COM).mkv.html,01,09,117581
Ginny and Georgia,https://downloadwella.com/gkuo5f2u5sth/Ginny.and.Georgia.S01E10.(NKIRI.COM).mkv.html,01,10,117581
Ginny and Georgia,https://downloadwella.com/uv53gvmf57sv/Ginny.and.Georgia.S02E01.(NKIRI.COM).mkv.html,02,01,117581
Ginny and Georgia,https://downloadwella.com/eludzo8w81ae/Ginny.and.Georgia.S02E02.(NKIRI.COM).mkv.html,02,02,117581
Ginny and Georgia,https://downloadwella.com/8vz2a07zaj3q/Ginny.and.Georgia.S02E03.(NKIRI.COM).mkv.html,02,03,117581
Ginny and Georgia,https://downloadwella.com/gb83ef33qy2l/Ginny.and.Georgia.S02E04.(NKIRI.COM).mkv.html,02,04,117581
Ginny and Georgia,https://downloadwella.com/a74c2ht9vhk6/Ginny.and.Georgia.S02E05.(NKIRI.COM).mkv.html,02,05,117581
Ginny and Georgia,https://downloadwella.com/3pullilbe6wm/Ginny.and.Georgia.S02E06.(NKIRI.COM).mkv.html,02,06,117581
Ginny and Georgia,https://downloadwella.com/gbo6cqsrkxs5/Ginny.and.Georgia.S02E07.(NKIRI.COM).mkv.html,02,07,117581
Ginny and Georgia,https://downloadwella.com/k3qolcyr28mn/Ginny.and.Georgia.S02E08.(NKIRI.COM).mkv.html,02,08,117581
Ginny and Georgia,https://downloadwella.com/xlh4t20ejfpv/Ginny.and.Georgia.S02E09.(NKIRI.COM).mkv.html,02,09,117581
Ginny and Georgia,https://downloadwella.com/f6odk0qr14f9/Ginny.and.Georgia.S02E10.(NKIRI.COM).mkv.html,02,10,117581
Clone High (2023),https://downloadwella.com/x07sfswvikh0/Clone.high.S01E01.(NKIRI.COM).mkv.html,01,01,
Clone High (2023),https://downloadwella.com/g5q4j3r0ifxa/Clone.High.S01E02.(NKIRI.COM).mkv.html,01,02,
Clone High (2023),https://downloadwella.com/cvhxg2r41bmh/Clone.High.2023.S01E03.(NKIRI.COM).mkv.html,01,03,
Clone High (2023),https://downloadwella.com/8gokqm0d67p2/Clone.High.2023.S01E04.(NKIRI.COM).mkv.html,01,04,
Clone High (2023),https://downloadwella.com/jv4bnbvgayyz/Clone.High.2023.S01E05.(NKIRI.COM).mkv.html,01,05,
Clone High (2023),https://downloadwella.com/gm7yl8lr6l4v/Clone.High.2023.S01E06.(NKIRI.COM).mkv.html,01,06,
Captain Laserhawk: A Blood Dragon Remix,https://downloadwella.com/rip2p8dewxhs/Captain.Laserhawk.A.Blood.Dragon.Remix.S01E01.(NKIRI.COM).mkv.html,01,01,127372
Captain Laserhawk: A Blood Dragon Remix,https://downloadwella.com/50arbhqtepux/Captain.Laserhawk.A.Blood.Dragon.Remix.S01E02.(NKIRI.COM).mkv.html,01,02,127372
Captain Laserhawk: A Blood Dragon Remix,https://downloadwella.com/u0gi0nxn5rrn/Captain.Laserhawk.A.Blood.Dragon.Remix.S01E03.(NKIRI.COM).mkv.html,01,03,127372
Captain Laserhawk: A Blood Dragon Remix,https://downloadwella.com/64547mrk8lmn/Captain.Laserhawk.A.Blood.Dragon.Remix.S01E04.(NKIRI.COM).mkv.html,01,04,127372
Captain Laserhawk: A Blood Dragon Remix,https://downloadwella.com/qhmjc0qstlbl/Captain.Laserhawk.A.Blood.Dragon.Remix.S01E05.(NKIRI.COM).mkv.html,01,05,127372
Captain Laserhawk: A Blood Dragon Remix,https://downloadwella.com/zghuyyvi5hr6/Captain.Laserhawk.A.Blood.Dragon.Remix.S01E06.(NKIRI.COM).mkv.html,01,06,127372
High Card,https://downloadwella.com/7iaoox4ukwaz/High.Card.S01E01.(NKIRI.COM).mkv.html,01,01,194665
High Card,https://downloadwella.com/ep1omqtuhr8n/High.Card.S01E02.(NKIRI.COM).mkv.html,01,02,194665
High Card,https://downloadwella.com/5xw7jdf3v568/High.Card.S01E03.(NKIRI.COM).mkv.html,01,03,194665
High Card,https://downloadwella.com/3ya94euegujw/High.Card.S01E04.(NKIRI.COM).mkv.html,01,04,194665
High Card,https://downloadwella.com/mq7lzi41urvi/High.Card.S01E05.(NKIRI.COM).mkv.html,01,05,194665
High Card,https://downloadwella.com/ucqyfovsm30b/High.Card.S01E06.(NKIRI.COM).mkv.html,01,06,194665
High Card,https://downloadwella.com/izjee41axf1d/High.Card.S01E07.(NKIRI.COM).mkv.html,01,07,194665
High Card,https://downloadwella.com/8vpn4q0dcay3/High.card.S01E08.(NKIRI.COM).mkv.html,01,08,194665
High Card,https://downloadwella.com/vkz7ktk8j66v/High.Card.S01E09.(NKIRI.COM).mkv.html,01,09,194665
Berserk: The Golden Age Arc Memorial Edition,https://downloadwella.com/bp35pwk4pyi5/Berserk.the.Golden.Age.Arc.Memorial.Edition.S01E01.(NKIRI.COM).mkv.html,01,01,211057
Accused,https://downloadwella.com/7h9rwtzlej7l/Accused.S01E01.(NKIRI.COM).mkv.html,01,01,202097
Accused,https://downloadwella.com/rfb2ru7lj9t7/Accused.S01E02.(NKIRI.COM).mkv.html,01,02,202097
Accused,https://downloadwella.com/6wyafl8pt1lp/Accused.S01E03.(NKIRI.COM).mkv.html,01,03,202097
Accused,https://downloadwella.com/fssm7f7rhqxo/Accused.S01E04.(NKIRI.COM).mkv.html,01,04,202097
Accused,https://downloadwella.com/o9s8tqlq3nfh/Accused.S01E05.(NKIRI.COM).mkv.html,01,05,202097
Accused,https://downloadwella.com/iz9fk02c7gjs/Accused.2023.S01E06.(NKIRI.COM).mkv.html,01,06,202097
Accused,https://downloadwella.com/klwuoup7u264/Accused.2023.S01E07.(NKIRI.COM).mkv.html,01,07,202097
Accused,https://downloadwella.com/hupxo3fcitue/Accused.2023.S01E08.(NKIRI.COM).mkv.html,01,08,202097
Accused,https://downloadwella.com/s733bpeitwtg/Accused.2023.S01E09.(NKIRI.COM).mkv.html,01,09,202097
Accused,https://downloadwella.com/q8sm7rn3qidx/Accused.2023.S01E10.(NKIRI.COM).mkv.html,01,10,202097
Accused,https://downloadwella.com/wzcnd2qb8eq2/Accused.2023.S01E11.(NKIRI.COM).mkv.html,01,11,202097
Accused,https://downloadwella.com/cupqkz8jdgvf/Accused.S01E12.(NKIRI.COM).mkv.html,01,12,202097
Accused,https://downloadwella.com/jtik2zrrwf7w/Accused.2023.S01E13.(NKIRI.COM).mkv.html,01,13,202097
Accused,https://downloadwella.com/dt73v7lcwd8f/Accused.S01E14.(NKIRI.COM).mkv.html,01,14,202097
Accused,https://downloadwella.com/r2vqvxcar7wz/Accused.S01E15.(NKIRI.COM).mkv.html,01,15,202097
Andor,https://downloadwella.com/7h0sonz0yquo/Andor.S01E01.(NKIRI.COM).mkv.html,01,01,83867
Andor,https://downloadwella.com/63zxqi1vo89y/Andor.S01E02.(NKIRI.COM).mkv.html,01,02,83867
Andor,https://downloadwella.com/recfyxrfnvwj/Andor.S01E03.(NKIRI.COM).mkv.html,01,03,83867
Andor,https://downloadwella.com/0bq5cr4thehf/Andor.S01E04.(NKIRI.COM).mkv.html,01,04,83867
Andor,https://downloadwella.com/fy92b7qgzjf1/Andor.S01E05.(NKIRI.COM).mkv.html,01,05,83867
Andor,https://downloadwella.com/yl2302khe0z4/Andor.S01E06.(NKIRI.COM).mkv.html,01,06,83867
Andor,https://downloadwella.com/136d37vyogpj/Andor.S01E07.(NKIRI.COM).mkv.html,01,07,83867
Andor,https://downloadwella.com/3j7m1gpf2qhl/Andor.S01E08.(NKIRI.COM).mkv.html,01,08,83867
Andor,https://downloadwella.com/6qh3l6mrn01r/Andor.S01E09.(NKIRI.COM).mkv.html,01,09,83867
Andor,https://downloadwella.com/u3xwf44tvwvf/Andor.S01E10.(NKIRI.COM).mkv.html,01,10,83867
Andor,https://downloadwella.com/n1vflso3gwx0/Andor.S01E11.(NKIRI.COM).mkv.html,01,11,83867
Andor,https://downloadwella.com/m0ggsiduxa1y/Andor.S01E12.(NKIRI.COM).mkv.html,01,12,83867
Baymax!,https://wetafiles.com/l7l7exbllvmt/Baymax.S01E01.(NKIRI.COM).nbofinfgibnfgb.mkv.html,01,01,2287
Baymax!,https://wetafiles.com/t8omhsckkjnx/Baymax.S01E02.(NKIRI.COM).bnoiboingfboinbi.mkv.html,01,02,2287
Baymax!,https://wetafiles.com/167op6muc6re/Baymax.S01E03.(NKIRI.COM).bfoginbngbofoin.mkv.html,01,03,2287
Baymax!,https://wetafiles.com/e8zizecezh7p/Baymax.S01E04.(NKIRI.COM).bgfionnboingboi.mkv.html,01,04,2287
Baymax!,https://wetafiles.com/fn7hlgxqlm3k/Baymax.S01E05.(NKIRI.COM).bgfompbpomfbg.mkv.html,01,05,2287
Baymax!,https://wetafiles.com/3cads6a4wbat/Baymax.S01E06.(NKIRI.COM).bgfnoibnoingbo.mkv.html,01,06,2287
The End of Love,https://downloadwella.com/wycy910s6fmr/The.End.of.Love.S01E01.(NKIRI.COM).mkv.html,01,01,211855
The End of Love,https://downloadwella.com/ydd7t72cu4y5/The.End.of.Love.S01E02.(NKIRI.COM).mkv.html,01,02,211855
The End of Love,https://downloadwella.com/iqcao8d1q5pz/The.End.of.Love.S01E03.(NKIRI.COM).mkv.html,01,03,211855
The End of Love,https://downloadwella.com/2evq0pbdxuus/The.End.of.Love.S01E04.(NKIRI.COM).mkv.html,01,04,211855
The End of Love,https://downloadwella.com/nlqd6d9tayyh/The.End.of.Love.S01E05.(NKIRI.COM).mkv.html,01,05,211855
The End of Love,https://downloadwella.com/u4rmw4miacrr/The.End.of.Love.S01E06.(NKIRI.COM).mkv.html,01,06,211855
The End of Love,https://downloadwella.com/98el6l0rk2n3/The.End.of.Love.S01E07.(NKIRI.COM).mkv.html,01,07,211855
The End of Love,https://downloadwella.com/2naqn9af12sk/The.End.of.Love.S01E08.(NKIRI.COM).mkv.html,01,08,211855
The End of Love,https://downloadwella.com/czy8gehgm2xf/The.End.of.Love.S01E09.(NKIRI.COM).mkv.html,01,09,211855
The End of Love,https://downloadwella.com/g7cptipo2w33/The.End.of.Love.S01E10.(NKIRI.COM).mkv.html,01,10,211855
Acting Good,https://downloadwella.com/k03iedwgk3av/Acting.Good.S02E01.(NKIRI.COM).mkv.html,02,01,212626
Acting Good,https://downloadwella.com/d6pnid0cqkh1/Acting.Good.S02E02.(NKIRI.COM).mkv.html,02,02,212626
Acting Good,https://downloadwella.com/j4otjvxm9k85/Acting.Good.S02E03.(NKIRI.COM).mkv.html,02,03,212626
Acting Good,https://downloadwella.com/wrb7le8ixvtm/Acting.Good.S02E04.(NKIRI.COM).mkv.html,02,04,212626
Acting Good,https://downloadwella.com/ej123s44n32r/Acting.Good.S02E05.(NKIRI.COM).mkv.html,02,05,212626
Scrublands,https://downloadwella.com/ny3azcb6ebnn/Scrublands.S01E01.(NKIRI.COM).mkv.html,01,01,234212
Scrublands,https://downloadwella.com/b69tzvoq8uol/Scrublands.S01E02.(NKIRI.COM).mkv.html,01,02,234212
Scrublands,https://downloadwella.com/d5v02b94k2kb/Scrublands.S01E03.(NKIRI.COM).mkv.html,01,03,234212
Scrublands,https://downloadwella.com/7jy1ej3b6azp/Scrublands.S01E04.(NKIRI.COM).mkv.html,01,04,234212
Rap Shit,https://downloadwella.com/wz36i4vsl1qr/Rap.Shit.S02E01.(NKIRI.COM).mkv.html,02,01,155772
Rap Shit,https://downloadwella.com/i996nsaq83up/Rap.Shit.S02E02.(NKIRI.COM).mkv.html,02,02,155772
Rap Shit,https://downloadwella.com/g7aq4zsmd2rh/Rap.Shit.S02E03.(NKIRI.COM).mkv.html,02,03,155772
Rap Shit,https://downloadwella.com/h072ia35i5e9/Rap.Shit.S02E04.(NKIRI.COM).mkv.html,02,04,155772
Marvel’s Hit-Monkey,https://wetafiles.com/hrt3adg3qpyg/Marvels.Hit-Monkey.S01E01.(NKIRI.COM).nicondsoicniodsncoindocnosdncodsncodc.mkv.html,01,01,
Marvel’s Hit-Monkey,https://wetafiles.com/ktvxp3y1b0hv/Marvels.Hit-Monkey.S01E02.(NKIRI.COM).niocsdncoincnosdniconsdoicnsodincdscsdc.mkv.html,01,02,
Marvel’s Hit-Monkey,https://wetafiles.com/abxsm1y58hw6/Marvels.Hit-Monkey.S01E03.(NKIRI.COM).ncodinsiocnosindcoinsdcnosdncosindcoinsdncsdc.mkv.html,01,03,
Marvel’s Hit-Monkey,https://wetafiles.com/hy4k3aph84v6/Marvels.Hit-Monkey.S01E04.(NKIRI.COM).ncoidsncoisndcoinsdcnosdincoinsdocinsoindcosindc.mkv.html,01,04,
Marvel’s Hit-Monkey,https://wetafiles.com/tn5zokx3t6w9/Marvels.Hit-Monkey.S01E05.(NKIRI.COM).nicodnsoicnsodncosdncoisndncsod.mkv.html,01,05,
Marvel’s Hit-Monkey,https://wetafiles.com/5647bl785kjf/Marvels.Hit-Monkey.S01E06.(NKIRI.COM).ncoidnciodnscoisndiocnsiodncdscndsiocnds.mkv.html,01,06,
Marvel’s Hit-Monkey,https://wetafiles.com/03pzpxl88tap/Marvels.Hit-Monkey.S01E07.(NKIRI.COM).ncondsoincdsoincoisndcinsdcsiodcndsocnodsinc.mkv.html,01,07,
Marvel’s Hit-Monkey,https://wetafiles.com/sg8kojz5lflf/Marvels.Hit-Monkey.S01E08.(NKIRI.COM).niocndoicnsdcnincsoidsncoinsodcnsodcndsoic.mkv.html,01,08,
Marvel’s Hit-Monkey,https://wetafiles.com/vj73bmkduxk2/Marvels.Hit-Monkey.S01E09.(NKIRI.COM).nciodsnocinsdocnsidcnosdincosndcinodsncncs.mkv.html,01,09,
Marvel’s Hit-Monkey,https://wetafiles.com/91lp938ellwp/Marvels.Hit-Monkey.S01E10.(NKIRI.COM).nicnsodncosdncoinsdcinsdcnsoidcnoidncsoicsd.mkv.html,01,10,
Locke & Key,https://wetafiles.com/2qdvezdp13m9/Locke.And.Key.S03E01.(NKIRI.COM).vfoindfvinbgoinb.mkv.html,03,01,62455
Locke & Key,https://wetafiles.com/7m5mx8urd6o9/Locke.And.Key.S03E02.(NKIRI.COM).vubdfubfdvuibfv.mkv.html,03,02,62455
Locke & Key,https://wetafiles.com/ikassx6izwi3/Locke.and.Key.S03E03.(NKIRI.COM).vfdiubdfvbuidvfio.mkv.html,03,03,62455
Locke & Key,https://wetafiles.com/ampfal604m91/Locke.and.Key.S03E04.(NKIRI.COM).vfdoibnofgbinbik.mkv.html,03,04,62455
Locke & Key,https://wetafiles.com/qa6c67y5069i/Locke.And.Key.S03E05.(NKIRI.COM).duiobvuibdfvuvi.mkv.html,03,05,62455
Locke & Key,https://wetafiles.com/d393nkty4io2/Locke.And.Key.S03E06.(NKIRI.COM).bgfmbibonoibnio.mkv.html,03,06,62455
Locke & Key,https://wetafiles.com/bowt7ks3eenq/Locke.and.Key.S03E07.(NKIRI.COM).buivbufdvbufdivui.mkv.html,03,07,62455
Locke & Key,https://wetafiles.com/ui6gs3qbxw87/Locke.and.Key.S03E08.(NKIRI.COM).ncoinvdofivndfoin.mkv.html,03,08,62455
BASTARD!! Heavy Metal Dark Fantasy,https://downloadwella.com/bzzclrceue7p/Bastard.Heavy.Metal.Dark.Fantasy.S01E01.(NKIRI.COM).mkv.html,01,01,156898
BASTARD!! Heavy Metal Dark Fantasy,https://downloadwella.com/plmstkewp07o/Bastard.Heavy.Metal.Dark.Fantasy.S01E02.(NKIRI.COM).mkv.html,01,02,156898
BASTARD!! Heavy Metal Dark Fantasy,https://downloadwella.com/rgk1fi2bzeyg/Bastard.Heavy.Metal.Dark.Fantasy.S01E03.(NKIRI.COM).mkv.html,01,03,156898
BASTARD!! Heavy Metal Dark Fantasy,https://downloadwella.com/mnzvt1xh75d9/Bastard.Heavy.Metal.Dark.Fantasy.S01E04.(NKIRI.COM).mkv.html,01,04,156898
BASTARD!! Heavy Metal Dark Fantasy,https://downloadwella.com/n6e5mbc05zei/Bastard.Heavy.Metal.Dark.Fantasy.S01E05.(NKIRI.COM).mkv.html,01,05,156898
BASTARD!! Heavy Metal Dark Fantasy,https://downloadwella.com/qudld7t13s3t/Bastard.Heavy.Metal.Dark.Fantasy.S01E06.(NKIRI.COM).mkv.html,01,06,156898
BASTARD!! Heavy Metal Dark Fantasy,https://downloadwella.com/mfoja15gif05/Bastard.Heavy.Metal.Dark.Fantasy.S01E07.(NKIRI.COM).mkv.html,01,07,156898
BASTARD!! Heavy Metal Dark Fantasy,https://downloadwella.com/2prup2yn7wh8/Bastard.Heavy.Metal.Dark.Fantasy.S01E08.(NKIRI.COM).mkv.html,01,08,156898
BASTARD!! Heavy Metal Dark Fantasy,https://downloadwella.com/51r71kb7yxsp/Bastard.Heavy.Metal.Dark.Fantasy.S01E09.(NKIRI.COM).mkv.html,01,09,156898
BASTARD!! Heavy Metal Dark Fantasy,https://downloadwella.com/xv1zllargewy/Bastard.Heavy.Metal.Dark.Fantasy.S01E10.(NKIRI.COM).mkv.html,01,10,156898
BASTARD!! Heavy Metal Dark Fantasy,https://downloadwella.com/0753arr4edpz/Bastard.Heavy.Metal.Dark.Fantasy.S01E11.(NKIRI.COM).mkv.html,01,11,156898
BASTARD!! Heavy Metal Dark Fantasy,https://downloadwella.com/8grwybn85c7n/Bastard.Heavy.Metal.Dark.Fantasy.S01E12.(NKIRI.COM).mkv.html,01,12,156898
BASTARD!! Heavy Metal Dark Fantasy,https://downloadwella.com/rirb6ol73duc/Bastard.Heavy.Metal.Dark.Fantasy.S01E13.(NKIRI.COM).mkv.html,01,13,156898
BASTARD!! Heavy Metal Dark Fantasy,https://downloadwella.com/pancqys79vws/Bastard.Heavy.Metal.Dark.Fantasy.S01E14.(NKIRI.COM).mkv.html,01,14,156898
BASTARD!! Heavy Metal Dark Fantasy,https://downloadwella.com/fw1dlpq9gjxg/Bastard.Heavy.Metal.Dark.Fantasy.S01E15.(NKIRI.COM).mkv.html,01,15,156898
BASTARD!! Heavy Metal Dark Fantasy,https://downloadwella.com/b9536aghf5bs/Bastard.Heavy.Metal.Dark.Fantasy.S01E16.(NKIRI.COM).mkv.html,01,16,156898
BASTARD!! Heavy Metal Dark Fantasy,https://downloadwella.com/th7ulm5ubeq3/Bastard.Heavy.Metal.Dark.Fantasy.S01E17.(NKIRI.COM).mkv.html,01,17,156898
BASTARD!! Heavy Metal Dark Fantasy,https://downloadwella.com/hsmqncmkutuf/Bastard.Heavy.Metal.Dark.Fantasy.S01E18.(NKIRI.COM).mkv.html,01,18,156898
BASTARD!! Heavy Metal Dark Fantasy,https://downloadwella.com/ylyqcdg92vyw/Bastard.Heavy.Metal.Dark.Fantasy.S01E19.(NKIRI.COM).mkv.html,01,19,156898
BASTARD!! Heavy Metal Dark Fantasy,https://downloadwella.com/elsoywse7pq4/Bastard.Heavy.Metal.Dark.Fantasy.S01E20.(NKIRI.COM).mkv.html,01,20,156898
BASTARD!! Heavy Metal Dark Fantasy,https://downloadwella.com/4wju7333qt0f/Bastard.Heavy.Metal.Dark.Fantasy.S01E21.(NKIRI.COM).mkv.html,01,21,156898
BASTARD!! Heavy Metal Dark Fantasy,https://downloadwella.com/didlohqrvlon/Bastard.Heavy.Metal.Dark.Fantasy.S01E22.(NKIRI.COM).mkv.html,01,22,156898
BASTARD!! Heavy Metal Dark Fantasy,https://downloadwella.com/zx8pq9a6dg06/Bastard.Heavy.Metal.Dark.Fantasy.S01E23.(NKIRI.COM).mkv.html,01,23,156898
BASTARD!! Heavy Metal Dark Fantasy,https://downloadwella.com/et0yzgob9ol4/Bastard.Heavy.Metal.Dark.Fantasy.S01E24.End.(NKIRI.COM).mkv.html,01,24,156898
Curses!,https://downloadwella.com/0ph8td19ixym/Curses.S01E01.(NKIRI.COM).mkv.html,01,01,66585
Curses!,https://downloadwella.com/c1vu524yruy4/Curses.S01E02.(NKIRI.COM).mkv.html,01,02,66585
Curses!,https://downloadwella.com/op8a92ayfvoi/Curses.S01E03.(NKIRI.COM).mkv.html,01,03,66585
Curses!,https://downloadwella.com/36jav7l6e96e/Curses.S01E04.(NKIRI.COM).mkv.html,01,04,66585
Curses!,https://downloadwella.com/32iz4sddb9wb/Curses.S01E05.(NKIRI.COM).mkv.html,01,05,66585
Curses!,https://downloadwella.com/z2jcmtz6mb1u/Curses.S01E06.(NKIRI.COM).mkv.html,01,06,66585
Curses!,https://downloadwella.com/8xc751bavqhj/Curses.S01E07.(NKIRI.COM).mkv.html,01,07,66585
Curses!,https://downloadwella.com/vsmqe93yugfg/Curses.S01E08.(NKIRI.COM).mkv.html,01,08,66585
Curses!,https://downloadwella.com/6ka7ck08hdho/Curses.S01E09.(NKIRI.COM).mkv.html,01,09,66585
Curses!,https://downloadwella.com/8g9m9poqfeeb/Curses.S01E10.(NKIRI.COM).mkv.html,01,10,66585
Scott Pilgrim Takes Off,https://downloadwella.com/ykv1q2szjcll/Scott.Pilgrim.Takes.Off.S01E01.(NKIRI.COM).mkv.html,01,01,155292
Scott Pilgrim Takes Off,https://downloadwella.com/r6n0glu3y8dv/Scott.Pilgrim.Takes.Off.S01E02.(NKIRI.COM).mkv.html,01,02,155292
Scott Pilgrim Takes Off,https://downloadwella.com/8svoubx6ldk0/Scott.Pilgrim.Takes.Off.S01E03.(NKIRI.COM).mkv.html,01,03,155292
Scott Pilgrim Takes Off,https://downloadwella.com/a1xci0oqh723/Scott.Pilgrim.Takes.Off.S01E04.(NKIRI.COM).mkv.html,01,04,155292
Scott Pilgrim Takes Off,https://downloadwella.com/yrryh6uhpdfv/Scott.Pilgrim.Takes.Off.S01E05.(NKIRI.COM).mkv.html,01,05,155292
Scott Pilgrim Takes Off,https://downloadwella.com/oxqof8x8ldzm/Scott.Pilgrim.Takes.Off.S01E06.(NKIRI.COM).mkv.html,01,06,155292
Scott Pilgrim Takes Off,https://downloadwella.com/eo36r7d8j16t/Scott.Pilgrim.Takes.Off.S01E07.(NKIRI.COM).mkv.html,01,07,155292
Scott Pilgrim Takes Off,https://downloadwella.com/wyfjuru99vgq/Scott.Pilgrim.Takes.Off.S01E08.(NKIRI.COM).mkv.html,01,08,155292
Pretty Little Liars Original Sin,https://wetafiles.com/xgafdi5fixvb/Pretty.Little.Liars.Original.Sin.S01E01.(NKIRI.COM).bgbfbbiudvfubvfu.mkv.html,01,01,110531
Pretty Little Liars Original Sin,https://wetafiles.com/hemkrqnln5qp/Pretty.Little.Liars.Original.Sin.S01E02.(NKIRI.COM).bgfbnfgiobnfgbnib.mkv.html,01,02,110531
Pretty Little Liars Original Sin,https://wetafiles.com/nc9s0cjpxvjl/Pretty.Little.Liars.Original.Sin.S01E03.(NKIRI.COM).niovnfdoinoinbfoi.mkv.html,01,03,110531
Pretty Little Liars Original Sin,https://downloadwella.com/evou5x2v3uo6/Pretty.Little.Liars.Original.Sin.S01E04.(NKIRI.COM).nvoifdvnfiovfv.mkv.html,01,04,110531
Pretty Little Liars Original Sin,https://downloadwella.com/dim8o0xz1wb7/Pretty.Little.Liars.Original.Sin.S01E05.(NKIRI.COM).buidfvbiubvfiu.mkv.html,01,05,110531
Pretty Little Liars Original Sin,https://downloadwella.com/sysf323ww8kf/Pretty.Little.Liars.Original.Sin.S01E06.(NKIRI.COM).vfduibdfviubvu.mkv.html,01,06,110531
Pretty Little Liars Original Sin,https://downloadwella.com/q3t6k7eynsx6/Pretty.Little.Liars.Original.Sin.S01E07.(NKIRI.COM).noifdvnoidnfvi.mkv.html,01,07,110531
Pretty Little Liars Original Sin,https://downloadwella.com/e63bppj1087j/Pretty.Little.Liars.Original.Sin.S01E08.(NKIRI.COM).udfibvduivbfdv.mkv.html,01,08,110531
Pretty Little Liars Original Sin,https://downloadwella.com/um4iq2yff2jf/Pretty.Little.Liars.Original.Sin.S01E09.(NKIRI.COM).vfdnodfivniofdv.mkv.html,01,09,110531
Pretty Little Liars Original Sin,https://downloadwella.com/4f0wr73bk2gh/Pretty.Little.Liars.Original.Sin.S01E10.(NKIRI.COM).nviodfvndfvoiviio.mkv.html,01,10,110531
The Longest Night,https://wetafiles.com/rk4lj7jweoov/The.Longest.Night.S01E01.(NKIRI.COM).vndfiovndfnoinbgf.mkv.html,01,01,201331
The Longest Night,https://wetafiles.com/dtxrl10byne4/The.Longest.Night.S01E02.(NKIRI.COM).bgfiongfoinbgfboi.mkv.html,01,02,201331
The Longest Night,https://wetafiles.com/p2a4qr3h5n31/The.Longest.Night.S01E03.(NKIRI.COM).gfbniongbfoinfbgi.mkv.html,01,03,201331
The Longest Night,https://wetafiles.com/whskpy4jc8lq/The.Longest.Night.S01E04.(NKIRI.COM).bgiongfingfboinbi.mkv.html,01,04,201331
The Longest Night,https://wetafiles.com/gclja7jjgj13/The.Longest.Night.S01E05.(NKIRI.COM).bgfinbfgiongfbnoi.mkv.html,01,05,201331
The Longest Night,https://wetafiles.com/1fnbhd9tmfmt/The.Longest.Night.S01E06.(NKIRI.COM).biuvfdvbidfbvfdvvf.mkv.html,01,06,201331
Beef,https://downloadwella.com/jfx1g11rdte9/BEEF.S01E01.(NKIRI.COM).mkv.html,01,01,154385
Beef,https://downloadwella.com/usjld18ttx4a/BEEF.S01E02.(NKIRI.COM).mkv.html,01,02,154385
Beef,https://downloadwella.com/cpyhom12o4v2/BEEF.S01E03.(NKIRI.COM).mkv.html,01,03,154385
Beef,https://downloadwella.com/3r9yl6ts2ja6/BEEF.S01E04.(NKIRI.COM).mkv.html,01,04,154385
Beef,https://downloadwella.com/uensvh7yvkvk/BEEF.S01E05.(NKIRI.COM).mkv.html,01,05,154385
Beef,https://downloadwella.com/rig40aepi1hh/BEEF.S01E06.(NKIRI.COM).mkv.html,01,06,154385
Beef,https://downloadwella.com/kd0d3vxj4rgv/BEEF.S01E07.(NKIRI.COM).mkv.html,01,07,154385
Beef,https://downloadwella.com/4tfhvvlme81o/BEEF.S01E08.(NKIRI.COM).mkv.html,01,08,154385
Beef,https://downloadwella.com/kgk266aybpx9/BEEF.S01E09.(NKIRI.COM).mkv.html,01,09,154385
Beef,https://downloadwella.com/zooaggzaaurt/BEEF.S01E10.(NKIRI.COM).mkv.html,01,10,154385
Superman and Lois,https://downloadwella.com/jgl1zqenlkum/Superman.and.Lois.S03E01.(NKIRI.COM).mkv.html,03,01,95057
Superman and Lois,https://downloadwella.com/108ztp0j1ea9/Superman.and.Lois.S03E02.(NKIRI.COM).mkv.html,03,02,95057
Superman and Lois,https://downloadwella.com/1kem0zxymwai/Superman.and.Lois.S03E03.(NKIRI.COM).mkv.html,03,03,95057
Superman and Lois,https://downloadwella.com/0tnjalmlzh3g/Superman.and.Lois.S03E04.(NKIRI.COM).mkv.html,03,04,95057
Superman and Lois,https://downloadwella.com/5uo6k389cgws/Superman.And.Lois.S03E05.(NKIRI.COM).mkv.html,03,05,95057
Superman and Lois,https://downloadwella.com/t055gda13uhg/Superman.And.Lois.S03E06.(NKIRI.COM).mkv.html,03,06,95057
Superman and Lois,https://downloadwella.com/1bhtdv713un5/Superman.And.Lois.S03E07.(NKIRI.COM).mkv.html,03,07,95057
Superman and Lois,https://downloadwella.com/xzr1wsoo0kfu/Superman.and.Lois.S03E08.(NKIRI.COM).mkv.html,03,08,95057
Superman and Lois,https://downloadwella.com/shvd4pwgrpes/Superman.And.Lois.S03E09.(NKIRI.COM).mkv.html,03,09,95057
Superman and Lois,https://downloadwella.com/7boz8jvcsqat/Superman.and.Lois.S03E10.(NKIRI.COM).mkv.html,03,10,95057
Superman and Lois,https://downloadwella.com/okd5zq9uscn5/Superman.and.Lois.S03E11.(NKIRI.COM).mkv.html,03,11,95057
Superman and Lois,https://downloadwella.com/qhx7099c7xhj/Superman.and.Lois.S03E12.(NKIRI.COM).mkv.html,03,12,95057
Superman and Lois,https://downloadwella.com/2w3iapm3qqjw/Superman.And.Lois.S03E13.(NKIRI.COM).mkv.html,03,13,95057
Love & Death,https://downloadwella.com/rxg76mjyyxde/Love.and.Death.S01E01.(NKIRI.COM).mkv.html,01,01,225929
Love & Death,https://downloadwella.com/biswq1eb7n3p/Love.and.Death.S01E02.(NKIRI.COM).mkv.html,01,02,225929
Love & Death,https://downloadwella.com/4kmm2r1g7i3q/Love.and.Death.S01E03.(NKIRI.COM).mkv.html,01,03,225929
Love & Death,https://downloadwella.com/7otq0phzls8g/Love.and.Death.S01E04.(NKIRI.COM).mkv.html,01,04,225929
Love & Death,https://downloadwella.com/vy2bbv2erq9n/Love.and.Death.S01E05.(NKIRI.COM).mkv.html,01,05,225929
Love & Death,https://downloadwella.com/sxp75yk0hag7/Love.and.Death.S01E06.(NKIRI.COM).mkv.html,01,06,225929
Love & Death,https://downloadwella.com/881m8n10rmtw/Love.and.death.S01E07.(NKIRI.COM).mkv.html,01,07,225929
Fellow Travelers,https://downloadwella.com/675t2r2wk8l0/Fellow.Travelers.S01E01.(NKIRI.COM).mkv.html,01,01,216089
Fellow Travelers,https://downloadwella.com/vxw1vsl6frnn/Fellow.Travelers.S01E02.(NKIRI.COM).mkv.html,01,02,216089
Fellow Travelers,https://downloadwella.com/6vb606qmwjt6/Fellow.Travelers.S01E03.(NKIRI.COM).mkv.html,01,03,216089
Fellow Travelers,https://downloadwella.com/aq4olwasvxux/Fellow.Travelers.S01E04.(NKIRI.COM).mkv.html,01,04,216089
Fellow Travelers,https://downloadwella.com/cnzotoydbchw/Fellow.Travelers.S01E05.(NKIRI.COM).mkv.html,01,05,216089
Fellow Travelers,https://downloadwella.com/w985f9mdfdkt/Fellow.Travelers.S01E06.(NKIRI.COM).mkv.html,01,06,216089
That 90s Show,https://downloadwella.com/8jzm4dds2hx6/That__90s_Show_S01E01.(NKIRI.COM).mkv.html,01,01,52
That 90s Show,https://downloadwella.com/dlldn2taudw5/That__90s_Show_S01E02.(NKIRI.COM).mkv.html,01,02,52
That 90s Show,https://downloadwella.com/6txtv3in9zhy/That__90s_Show_S01E03.(NKIRI.COM).mkv.html,01,03,52
That 90s Show,https://downloadwella.com/b657p92qgbyz/That__90s_Show_S01E04.(NKIRI.COM).mkv.html,01,04,52
That 90s Show,https://downloadwella.com/7vqqt2se9jiq/That__90s_Show_S01E05.(NKIRI.COM).mkv.html,01,05,52
That 90s Show,https://downloadwella.com/9d1asuis0i69/That__90s_Show_S01E06.(NKIRI.COM).mkv.html,01,06,52
That 90s Show,https://downloadwella.com/ou3x7dxnddve/That__90s_Show_S01E07.(NKIRI.COM).mkv.html,01,07,52
That 90s Show,https://downloadwella.com/zyj04hfsv642/That__90s_Show_S01E08.(NKIRI.COM).mkv.html,01,08,52
That 90s Show,https://downloadwella.com/nvwt61kho0am/That__90s_Show_S01E09.(NKIRI.COM).mkv.html,01,09,52
That 90s Show,https://downloadwella.com/9l3rnbtj72pr/That__90s_Show_S01E10.(NKIRI.COM).mkv.html,01,10,52
Marvels M.O.D.O.K (Modok),https://wetafiles.com/e8d3io267mph/Marvels.M.O.D.O.K.S01E01.(NKIRI.COM).nciosdnciosncionc.mkv.html,01,01,111312
Marvels M.O.D.O.K (Modok),https://wetafiles.com/8149it04dyyc/Marvels.M.O.D.O.K.S01E02.(NKIRI.COM).cnsoidnisoncd.mkv.html,01,02,111312
Marvels M.O.D.O.K (Modok),https://wetafiles.com/emawjp1pffya/Marvels.M.O.D.O.K.S01E03.(NKIRI.COM).coidnscoisncionscionsc.mkv.html,01,03,111312
Marvels M.O.D.O.K (Modok),https://wetafiles.com/8zvvsot20avv/Marvels.M.O.D.O.K.S01E04.(NKIRI.COM).ncioicnsoincosicnic.mkv.html,01,04,111312
Marvels M.O.D.O.K (Modok),https://wetafiles.com/n1mk55ij6m1g/Marvels.M.O.D.O.K.S01E05.(NKIRI.COM).oicmsopspcmsocpmo.mkv.html,01,05,111312
Marvels M.O.D.O.K (Modok),https://wetafiles.com/2s5bawnlxvp9/Marvels.M.O.D.O.K.S01E06.(NKIRI.COM).ocsioncisioncoicdoic.mkv.html,01,06,111312
Marvels M.O.D.O.K (Modok),https://wetafiles.com/c1ld866eudvk/Marvels.M.O.D.O.K.S01E07.(NKIRI.COM).cojcnoicscnoicsdcinc.mkv.html,01,07,111312
Marvels M.O.D.O.K (Modok),https://wetafiles.com/37zlyifwwbsh/Marvels.M.O.D.O.K.S01E08.(NKIRI.COM).oncsiocnsoincoisdnic.mkv.html,01,08,111312
Marvels M.O.D.O.K (Modok),https://wetafiles.com/e9hnndv93c2j/Marvels.M.O.D.O.K.S01E09.(NKIRI.COM).incosinciosnoisccnscns.mkv.html,01,09,111312
Marvels M.O.D.O.K (Modok),https://wetafiles.com/1k34uk4mmc4a/Marvels.M.O.D.O.K.S01E10.(NKIRI.COM).iocsniisdncoisdncndsscnio.mkv.html,01,10,111312
Raven of the Inner Palace,https://downloadwella.com/8d1h18e6qoyq/Raven.of.the.Inner.Palace.S01E01.(NKIRI.COM).mkv.html,01,01,153482
Raven of the Inner Palace,https://downloadwella.com/497b523vffb3/Raven.of.the.inner.palace.s01e02.(NKIRI.COM).mkv.html,01,02,153482
Raven of the Inner Palace,https://downloadwella.com/nol5bh3g9czk/Raven.of.the.inner.palace.s01e03.(NKIRI.COM).mkv.html,01,03,153482
Raven of the Inner Palace,https://downloadwella.com/zufbexvxzya9/Raven.of.the.inner.palace.s01e04.(NKIRI.COM).mkv.html,01,04,153482
Raven of the Inner Palace,https://downloadwella.com/zzdaaqvhdozr/Raven.of.the.inner.palace.s01e05.(NKIRI.COM).mkv.html,01,05,153482
Raven of the Inner Palace,https://downloadwella.com/yhwzhat477xm/Raven_of_the_Inner_Palace.S01E06.(NKIRI.COM).mkv.html,01,06,153482
Raven of the Inner Palace,https://downloadwella.com/9q5van66yowt/Raven_of_the_Inner_Palace.S01E07.(NKIRI.COM).mkv.html,01,07,153482
Raven of the Inner Palace,https://downloadwella.com/j66u5tkpq7cl/Raven_of_the_Inner_Palace.S01E08.(NKIRI.COM).mkv.html,01,08,153482
Raven of the Inner Palace,https://downloadwella.com/frg0mbwnjhpp/Raven_of_the_Inner_Palace_S01E09.(NKIRI.COM).mkv.html,01,09,153482
Raven of the Inner Palace,https://downloadwella.com/368qkuxolmd1/Raven_of_the_Inner_Palace.S01E10.(NKIRI.COM).mkv.html,01,10,153482
Elite,https://downloadwella.com/9v1lknda17y2/Elite.S06E01.(NKIRI.COM).mkv.html,06,01,76669
Elite,https://downloadwella.com/h3gx399avwrc/Elite.S06E02.(NKIRI.COM).mkv.html,06,02,76669
Elite,https://downloadwella.com/6s28puoub2v7/Elite.S06E03.(NKIRI.COM).mkv.html,06,03,76669
Elite,https://downloadwella.com/joszp47ut7n1/Elite.S06E04.(NKIRI.COM).mkv.html,06,04,76669
Elite,https://downloadwella.com/p006i0scsyb7/Elite.S06E05.(NKIRI.COM).mkv.html,06,05,76669
Elite,https://downloadwella.com/6iwmw2y43awb/Elite.S06E06.(NKIRI.COM).mkv.html,06,06,76669
Elite,https://downloadwella.com/iay1lacr47ew/Elite.S06E07.(NKIRI.COM).mkv.html,06,07,76669
Elite,https://downloadwella.com/yfi7qwda2cst/Elite.S06E08.(NKIRI.COM).mkv.html,06,08,76669
Billy The Kid,https://downloadwella.com/pjk8zy3b122p/Billy.The.Kid.2022.S02E01.(NKIRI.COM).mkv.html,02,01,138971
Billy The Kid,https://downloadwella.com/jocny7xzefxk/Billy.The.Kid.2022.S02E02.(NKIRI.COM).mkv.html,02,02,138971
Billy The Kid,https://downloadwella.com/i7vu6562i3q8/Billy.The.Kid.2022.S02E03.(NKIRI.COM).mkv.html,02,03,138971
Billy The Kid,https://downloadwella.com/7ysfo2bi6h25/Billy.the.Kid.2022.S02E04.(NKIRI.COM).mkv.html,02,04,138971
Cyberpunk: Edgetunners,https://downloadwella.com/e1kfta6a362h/Cyberpunk.Edgerunners.S01E01.(NKIRI.COM).mkv.html,01,01,
Cyberpunk: Edgetunners,https://downloadwella.com/ekatkox5ynj5/Cyberpunk.Edgerunners.S01E02.(NKIRI.COM).mkv.html,01,02,
Cyberpunk: Edgetunners,https://downloadwella.com/kyz9cm2utyui/Cyberpunk.Edgerunners.S01E03.(NKIRI.COM).mkv.html,01,03,
Cyberpunk: Edgetunners,https://downloadwella.com/1ezgid59tylq/Cyberpunk.Edgerunners.S01E04.(NKIRI.COM).mkv.html,01,04,
Cyberpunk: Edgetunners,https://downloadwella.com/k6r2qfnao5fp/Cyberpunk.Edgerunners.S01E05.(NKIRI.COM).mkv.html,01,05,
Cyberpunk: Edgetunners,https://downloadwella.com/jdueqcs25asp/Cyberpunk.Edgerunners.S01E06.(NKIRI.COM).mkv.html,01,06,
Cyberpunk: Edgetunners,https://downloadwella.com/h7arptys31ha/Cyberpunk.Edgerunners.S01E07.(NKIRI.COM).mkv.html,01,07,
Cyberpunk: Edgetunners,https://downloadwella.com/4t72cclnnfp6/Cyberpunk.Edgerunners.S01E08.(NKIRI.COM).mkv.html,01,08,
Cyberpunk: Edgetunners,https://downloadwella.com/xzf38k6a3vgh/Cyberpunk.Edgerunners.S01E09.(NKIRI.COM).mkv.html,01,09,
Cyberpunk: Edgetunners,https://downloadwella.com/y3uqtnsurgzi/Cyberpunk.Edgerunners.S01E10.(NKIRI.COM).mkv.html,01,10,
The Time Travelers Wife,https://wetafiles.com/1iixmokxn9o3/The.Time.Travelers.Wife.S01E01.(NKIRI.COM).nviofnboignonoinbfgibn.mkv.html,01,01,81322
The Time Travelers Wife,https://wetafiles.com/umy4u8f9fdpn/The.Time.Travelers.Wife.S01E02.(NKIRI.COM).niovfndobnongbofgnboibng.mkv.html,01,02,81322
The Time Travelers Wife,https://wetafiles.com/ubewessjm158/The.Time.Travelers.Wife.S01E03.(NKIRI.COM).nivofdboingboinfbnoggbfgbb.mkv.html,01,03,81322
The Time Travelers Wife,https://wetafiles.com/ljpmol3gro84/The.Time.Travelers.Wife.S01E04.(NKIRI.COM).novndfoinovifdnoibngfbfgbdbf.mkv.html,01,04,81322
The Time Travelers Wife,https://wetafiles.com/eq8gkqd0rnn5/The.Time.Travelers.Wife.S01E05.(NKIRI.COM).nionvdognbognboifgnb.mkv.html,01,05,81322
The Time Travelers Wife,https://wetafiles.com/6e69vltl2idh/The.Time.Travelers.Wife.S01E06.(NKIRI.COM).noidfoinboigfnboifngbfgbbg.mkv.html,01,06,81322
Beacon 23,https://downloadwella.com/tnsnc05pxqg8/Beacon.23.S01E01.(NKIRI.COM).mkv.html,01,01,112388
Beacon 23,https://downloadwella.com/79k6dcbw05g6/Beacon.23.S01E02.(NKIRI.COM).mkv.html,01,02,112388
Beacon 23,https://downloadwella.com/7ud62wu5k3kd/Beacon.23.S01E03.(NKIRI.COM).mkv.html,01,03,112388
Beacon 23,https://downloadwella.com/h9qnzk185pro/Beacon.23.S01E04.(NKIRI.COM).mkv.html,01,04,112388
Attack On Titan,https://wetafiles.com/dhi8o6ois7sf/Attack.on.Titan.S01E01.(NKIRI.COM).ncdnicnsuihfhfd.mkv.html,01,01,1429
Attack On Titan,https://wetafiles.com/2puw3gr96ey8/Attack.on.Titan.S01E02.(NKIRI.COM).nicaniodddaohd.mkv.html,01,02,1429
Attack On Titan,https://wetafiles.com/zfqj192gdl2k/Attack.on.Titan.S01E03.(NKIRI.COM).nicoadcuiodcudhc.mkv.html,01,03,1429
Attack On Titan,https://wetafiles.com/b953kihmx145/Attack.on.Titan.S01E04.(NKIRI.COM).ncidncidsncdui.mkv.html,01,04,1429
Attack On Titan,https://wetafiles.com/zsidafj13878/Attack.on.Titan.S01E05.(NKIRI.COM).ncoiadcidccdu.mkv.html,01,05,1429
Attack On Titan,https://wetafiles.com/fpkmudm8gl7z/Attack.on.Titan.S01E06.(NKIRI.COM).ncanciodnc.mkv.html,01,06,1429
Attack On Titan,https://wetafiles.com/llsgphdde43s/Attack.on.Titan.S01E07.(NKIRI.COM).nciusdcbibcsu.mkv.html,01,07,1429
Attack On Titan,https://wetafiles.com/pop35vidymup/Attack.on.Titan.S01E08.(NKIRI.COM).ncidnuicnsduicduicd.mkv.html,01,08,1429
Attack On Titan,https://wetafiles.com/aqwnp8yhuzqv/Attack.on.Titan.S01E09.(NKIRI.COM).fuiehwifuheuifuiefh.mkv.html,01,09,1429
Attack On Titan,https://wetafiles.com/1ozx1s2hyfsu/Attack.on.Titan.S01E10.(NKIRI.COM).cuidcbuisdbcbusdc.mkv.html,01,10,1429
Attack On Titan,https://wetafiles.com/kb6tflwujnlg/Attack.on.Titan.S01E11.(NKIRI.COM).buadisduedheuid.mkv.html,01,11,1429
Attack On Titan,https://wetafiles.com/iub4g2bx33h8/Attack.on.Titan.S01E12.(NKIRI.COM).niocnsduicnduncuic.mkv.html,01,12,1429
Attack On Titan,https://wetafiles.com/ahspv7m05l0w/Attack.on.Titan.S01E13.(NKIRI.COM).nisicdnducsdub.mkv.html,01,13,1429
Attack On Titan,https://wetafiles.com/5lr9qrhgskgp/Attack.on.Titan.S01E14.(NKIRI.COM).niouedfheufeuiwbub.mkv.html,01,14,1429
Attack On Titan,https://wetafiles.com/cn8xn5iyyuw3/Attack.on.Titan.S01E15.(NKIRI.COM).ncindsicndcdhciocdsiu.mkv.html,01,15,1429
Attack On Titan,https://wetafiles.com/qqoqhn802syn/Attack.on.Titan.S01E16.(NKIRI.COM).budieduieeufi.mkv.html,01,16,1429
Attack On Titan,https://wetafiles.com/dgcs5nxmgvp4/Attack.on.Titan.S01E17.(NKIRI.COM).ncisdunuifrfguir.mkv.html,01,17,1429
Attack On Titan,https://wetafiles.com/t6r6r8szil51/Attack.on.Titan.S01E18.(NKIRI.COM).nisdiocdhsohfif.mkv.html,01,18,1429
Attack On Titan,https://wetafiles.com/jqjrw3zq9fp5/Attack.on.Titan.S01E19.(NKIRI.COM).ncisdnofidufifdoisd.mkv.html,01,19,1429
Attack On Titan,https://wetafiles.com/dgbih8ejx0wk/Attack.on.Titan.S01E20.(NKIRI.COM).uidhihiuhciuhuersfe.mkv.html,01,20,1429
Attack On Titan,https://wetafiles.com/c4atoh0c5uy5/Attack.on.Titan.S01E21.(NKIRI.COM).ncunasuidcnnsiduc.mkv.html,01,21,1429
Attack On Titan,https://wetafiles.com/1odf1mj0h3wb/Attack.on.Titan.S01E22.(NKIRI.COM).cdsiufhisudfhs.mkv.html,01,22,1429
Attack On Titan,https://wetafiles.com/3x66iz4xnnsb/Attack.on.Titan.S01E23.(NKIRI.COM).ucdisdcuidsbc.mkv.html,01,23,1429
Attack On Titan,https://wetafiles.com/smch6vl88imp/Attack.on.Titan.S01E24.(NKIRI.COM).icodjiofsdfhdif.mkv.html,01,24,1429
Attack On Titan,https://wetafiles.com/j6fcd2sgbnev/Attack.on.Titan.S01E25.(NKIRI.COM).nciodncuids.mkv.html,01,25,1429
God’s Favorite Idiot,https://wetafiles.com/hilkqkb71h9v/Gods.Favorite.Idiot.S01E01.(NKIRI.COM).bgbiubvufibvfuivu.mkv.html,01,01,
God’s Favorite Idiot,https://wetafiles.com/1027vaf93idk/Gods.Favorite.Idiot.S01E02.(NKIRI.COM).bvuibfviubfvuibvfu.mkv.html,01,02,
God’s Favorite Idiot,https://wetafiles.com/w5unbc2ohha9/Gods.Favorite.Idiot.S01E03.(NKIRI.COM).boibngoinbgoingb.mkv.html,01,03,
God’s Favorite Idiot,https://wetafiles.com/mxvymvmmupe6/Gods.Favorite.Idiot.S01E04.(NKIRI.COM).vnbvfibvfbuivfuibfv.mkv.html,01,04,
God’s Favorite Idiot,https://wetafiles.com/2o2q5ln63tuk/Gods.Favorite.Idiot.S01E05.(NKIRI.COM).vbuibvuifuivfbfvvufi.mkv.html,01,05,
God’s Favorite Idiot,https://wetafiles.com/oq08j1aq6i95/Gods.Favorite.Idiot.S01E06.(NKIRI.COM).gbnigogfboibbgoibg.mkv.html,01,06,
God’s Favorite Idiot,https://wetafiles.com/efarlam62v3m/Gods.Favorite.Idiot.S01E07.(NKIRI.COM).bcsidbifdubuifdfiuvv.mkv.html,01,07,
God’s Favorite Idiot,https://wetafiles.com/6haz7pbgpe07/Gods.Favorite.Idiot.S01E08.(NKIRI.COM).bvifudbviufbvifvu.mkv.html,01,08,
Attack On Titan,https://downloadwella.com/hocdf9ibk93o/Attack.on.Titan.S04E01.(NKIRI.COM).mkv.html,04,01,1429
Attack On Titan,https://downloadwella.com/54siw3un98kf/Attack.on.Titan.S04E02.(NKIRI.COM).mkv.html,04,02,1429
Attack On Titan,https://downloadwella.com/11nutp7l4gqf/Attack.on.Titan.S04E03.(NKIRI.COM).mkv.html,04,03,1429
Attack On Titan,https://downloadwella.com/rlg0y66pjdj5/Attack.on.Titan.S04E04.(NKIRI.COM).mkv.html,04,04,1429
Attack On Titan,https://downloadwella.com/69nc3cv4eoq7/Attack.On.Titan.S04E05.(NKIRI.COM).mkv.html,04,05,1429
Attack On Titan,https://downloadwella.com/srqj3j17r41s/Attack.on.Titan.S04E06.(NKIRI.COM).mkv.html,04,06,1429
Attack On Titan,https://downloadwella.com/6muj4ou04hfd/Attack.on.Titan.S04E07.(NKIRI.COM).mkv.html,04,07,1429
Attack On Titan,https://downloadwella.com/aqtwg6bmmzah/Attack.on.Titan.S04E08.(NKIRI.COM).mkv.html,04,08,1429
Attack On Titan,https://downloadwella.com/ngcwakyt1c3b/Attack.on.Titan.S04E09.(NKIRI.COM).mkv.html,04,09,1429
Attack On Titan,https://downloadwella.com/xvovyovjghhl/Attack.on.Titan.S04E10.(NKIRI.COM).mkv.html,04,10,1429
Attack On Titan,https://downloadwella.com/vkilqt4vfvcb/Attack.on.Titan.S04E11.(NKIRI.COM).mkv.html,04,11,1429
Attack On Titan,https://downloadwella.com/kkz9cjn72vxf/Attack.on.Titan.S04E12.(NKIRI.COM).mkv.html,04,12,1429
Attack On Titan,https://downloadwella.com/0b1f6fvrox9o/Attack.on.Titan.S04E13.(NKIRI.COM).mkv.html,04,13,1429
Attack On Titan,https://downloadwella.com/zqsc5bawm1yq/Attack.on.Titan.S04E14.(NKIRI.COM).mkv.html,04,14,1429
Attack On Titan,https://downloadwella.com/305ntne977py/Attack.on.Titan.S04E15.(NKIRI.COM).mkv.html,04,15,1429
Attack On Titan,https://downloadwella.com/9aq1hsx6rjbl/Attack.on.Titan.S04E16.(NKIRI.COM).mkv.html,04,16,1429
The Croods Family Tree,https://downloadwella.com/63n6eux19bfg/The.Croods.Family.Tree.S04E01.(NKIRI.COM).mp4.html,04,01,132559
The Croods Family Tree,https://downloadwella.com/p0kbdm1mukx0/The.Croods.Family.Tree.S04E02.(NKIRI.COM).mp4.html,04,02,132559
The Croods Family Tree,https://downloadwella.com/7yfk1nfa8e1w/The.Croods.Family.Tree.S04E03.(NKIRI.COM).mp4.html,04,03,132559
The Croods Family Tree,https://downloadwella.com/nfnej8d2z9qx/The.Croods.Family.Tree.S04E04.(NKIRI.COM).mp4.html,04,04,132559
The Croods Family Tree,https://downloadwella.com/ln0gnykeob99/The.Croods.Family.Tree.S04E05.(NKIRI.COM).mp4.html,04,05,132559
The Croods Family Tree,https://downloadwella.com/45t8751unqzm/The.Croods.Family.Tree.S04E06.(NKIRI.COM).mp4.html,04,06,132559
The Croods Family Tree,https://downloadwella.com/84t3sqyfrrfb/The.Croods.Family.Tree.S04E07.(NKIRI.COM).mp4.html,04,07,132559
Elite,https://wetafiles.com/v977ow7aicm9/Elite.S03E01.(NKIRI.COM).ciosncisnoisdncoisdncdioidsn.mkv.html,03,01,76669
Elite,https://wetafiles.com/l8zapw5ujkl3/Elite.S03E02.(NKIRI.COM).bcsdionsdiocjiodsjciodjiossdi.mkv.html,03,02,76669
Elite,https://wetafiles.com/32hrgetjqqs1/Elite.S03E03.(NKIRI.COM).biscbdiucbosdiicosdijiodsoij.mkv.html,03,03,76669
Elite,https://wetafiles.com/teyz1pgcs2pf/Elite.S03E04.(NKIRI.COM).nosncosnciodcjsoijcosidcjsd.mkv.html,03,04,76669
Elite,https://wetafiles.com/ej1jbo7unoi3/Elite.S03E05.(NKIRI.COM).oicdhsoihiochoisdhcoihdiosdo.mkv.html,03,05,76669
Elite,https://wetafiles.com/dakkoclsjl8d/Elite.S03E06.(NKIRI.COM).nvksdniosdnvoijsdicjosdijciosd.mkv.html,03,06,76669
Elite,https://wetafiles.com/z33in16zqqcz/Elite.S03E07.(NKIRI.COM).cxycsusyaycgyugdcsdyuicusd.mkv.html,03,07,76669
Elite,https://wetafiles.com/4txv8a578075/Elite.S03E08.(NKIRI.COM).nviosdnviosdiovjsiodjviosso.mkv.html,03,08,76669
Elite,https://wetafiles.com/n15y6atwvhf5/Elite.S04E01.(NKIRI.COM).niocdncsdnciosdncoisdc.mkv.html,04,01,76669
Elite,https://wetafiles.com/ayc7bguv0g71/Elite.S04E02.(NKIRI.COM).ncionsncsdncoisdcniosd.mkv.html,04,02,76669
Elite,https://wetafiles.com/p89z7z128aqa/Elite.S04E03.(NKIRI.COM).iocsnciosdncoidnicodsn.mkv.html,04,03,76669
Elite,https://wetafiles.com/skee0fckh27p/Elite.S04E04.(NKIRI.COM).mcisdocnsindcosidncid.mkv.html,04,04,76669
Elite,https://wetafiles.com/we9d4ofqvytb/Elite.S04E05.(NKIRI.COM).cmidocjoicjiodcoidsoisdo.mkv.html,04,05,76669
Elite,https://wetafiles.com/8tps0w8653zu/Elite.S04E06.(NKIRI.COM).bcisuciudcsicuhsduicdiu.mkv.html,04,06,76669
Elite,https://wetafiles.com/chpopumpz963/Elite.S04E07.(NKIRI.COM).ioashcoidhdiocosichiosd.mkv.html,04,07,76669
Elite,https://wetafiles.com/3lvrgc6lj71f/Elite.S04E08.(NKIRI.COM).bvyuascvyducsdyuguydsu.mkv.html,04,08,76669
Kennedy,https://downloadwella.com/v9vnvzdzzkip/Kennedy.2023.S01E01.(NKIRI.COM).mkv.html,01,01,237368
Kennedy,https://downloadwella.com/ajfpuokofo0m/Kennedy.2023.S01E02.(NKIRI.COM).mkv.html,01,02,237368
Kennedy,https://downloadwella.com/24xo0zm2906m/Kennedy.2023.S01E03.(NKIRI.COM).mkv.html,01,03,237368
Kennedy,https://downloadwella.com/ngfjhkr7xoqg/Kennedy.2023.S01E04.(NKIRI.COM).mkv.html,01,04,237368
Kennedy,https://downloadwella.com/byl9jozcr7oy/Kennedy.2023.S01E05.(NKIRI.COM).mkv.html,01,05,237368
Kennedy,https://downloadwella.com/h6vjgqvwrtje/Kennedy.2023.S01E06.(NKIRI.COM).mkv.html,01,06,237368
Kennedy,https://downloadwella.com/r7ky2sv5z4td/Kennedy.2023.S01E07.(NKIRI.COM).mkv.html,01,07,237368
Kennedy,https://downloadwella.com/rbz7abndyvfj/Kennedy.2023.S01E08.(NKIRI.COM).mkv.html,01,08,237368
Tekken Bloodline,https://wetafiles.com/w3hf64hagv02/Tekken.Bloodline.S01E01.(NKIRI.COM).vfdnoivnoinbgio.mkv.html,01,01,195530
Tekken Bloodline,https://wetafiles.com/wdp8xy7bx11l/Tekken.Bloodline.S01E02.(NKIRI.COM).biudvbfduvibfdv.mkv.html,01,02,195530
Tekken Bloodline,https://wetafiles.com/2qpg6p5ejfad/Tekken.Bloodline.S01E03.(NKIRI.COM).bcuivdfuivbdvvf.mkv.html,01,03,195530
Tekken Bloodline,https://wetafiles.com/enr6c3ycyict/Tekken.Bloodline.S01E04.(NKIRI.COM).vbfdoingbfniobi.mkv.html,01,04,195530
Tekken Bloodline,https://wetafiles.com/ltolbfuk4vwp/Tekken.Bloodline.S01E05.(NKIRI.COM).vfdnoiboingboi.mkv.html,01,05,195530
Tekken Bloodline,https://wetafiles.com/bpof8x3kudjj/Tekken.Bloodline.S01E06.(NKIRI.COM).vfdiubdfvuibiuv.mkv.html,01,06,195530
LEGO DreamZzz,https://downloadwella.com/pbyb2n32hyg5/LEGO.DreamZzz.S01E01.(NKIRI.COM).mkv.html,01,01,225320
LEGO DreamZzz,https://downloadwella.com/3iner2nbgwho/LEGO.DreamZzz.S01E02.(NKIRI.COM).mkv.html,01,02,225320
LEGO DreamZzz,https://downloadwella.com/ok6snfr6xxpf/LEGO.DreamZzz.S01E03.(NKIRI.COM).mkv.html,01,03,225320
LEGO DreamZzz,https://downloadwella.com/e66h5mbidm6y/LEGO.DreamZzz.S01E04.(NKIRI.COM).mkv.html,01,04,225320
LEGO DreamZzz,https://downloadwella.com/2vpbyl1ga4lt/LEGO.DreamZzz.S01E05.(NKIRI.COM).mkv.html,01,05,225320
LEGO DreamZzz,https://downloadwella.com/fwqmkz8ciug4/LEGO.DreamZzz.S01E06.(NKIRI.COM).mkv.html,01,06,225320
LEGO DreamZzz,https://downloadwella.com/g7lkbiyslkd9/LEGO.DreamZzz.S01E07.(NKIRI.COM).mkv.html,01,07,225320
LEGO DreamZzz,https://downloadwella.com/otoywvar2dqb/LEGO.DreamZzz.S01E08.(NKIRI.COM).mkv.html,01,08,225320
LEGO DreamZzz,https://downloadwella.com/x0yjzb8cbi1t/LEGO.DreamZzz.S01E09.(NKIRI.COM).mkv.html,01,09,225320
LEGO DreamZzz,https://downloadwella.com/25htgvv0ajpu/LEGO.DreamZzz.S01E10.(NKIRI.COM).mkv.html,01,10,225320
Mythic Quest Raven Banquet,https://downloadwella.com/shf6jewmykgp/Mythic.Quest.Ravens.Banquet.S01E01.(NKIRI.COM).mkv.html,01,01,94951
Mythic Quest Raven Banquet,https://downloadwella.com/uzr8zvdhizvj/Mythic.Quest.Ravens.Banquet.S01E02.(NKIRI.COM).mkv.html,01,02,94951
Mythic Quest Raven Banquet,https://downloadwella.com/r4dssue45fde/Mythic.Quest.Ravens.Banquet.S01E03.(NKIRI.COM).mkv.html,01,03,94951
Mythic Quest Raven Banquet,https://downloadwella.com/z3ddg3oktuaj/Mythic.Quest.Ravens.Banquet.S01E04.(NKIRI.COM).mkv.html,01,04,94951
Mythic Quest Raven Banquet,https://downloadwella.com/938rrj8p9eng/Mythic.Quest.Ravens.Banquet.S01E05.(NKIRI.COM).mkv.html,01,05,94951
Mythic Quest Raven Banquet,https://downloadwella.com/7yrajc8as7iv/Mythic.Quest.Ravens.Banquet.S01E06.(NKIRI.COM).mkv.html,01,06,94951
Mythic Quest Raven Banquet,https://downloadwella.com/j7zqfekvf0xg/Mythic.Quest.Ravens.Banquet.S01E07.(NKIRI.COM).mkv.html,01,07,94951
Mythic Quest Raven Banquet,https://downloadwella.com/qgl4q07kbrsf/Mythic.Quest.Ravens.Banquet.S01E08.(NKIRI.COM).mkv.html,01,08,94951
Mythic Quest Raven Banquet,https://downloadwella.com/8o6b4khowku0/Mythic.Quest.Ravens.Banquet.S01E09.(NKIRI.COM).mkv.html,01,09,94951
Mythic Quest Raven Banquet,https://downloadwella.com/kx6s7fd9x1s5/Mythic.Quest.Ravens.Banquet.S01E10.(NKIRI.COM).mkv.html,01,10,94951
Mythic Quest Raven Banquet,https://downloadwella.com/ckklgcd9iimi/Mythic.Quest.Ravens.Banquet.S01E11.(NKIRI.COM).mkv.html,01,11,94951
Mythic Quest Raven Banquet,https://downloadwella.com/sdbi3hgj8adb/Mythic.Quest.S02E01.(NKIRI.COM).mkv.html,02,01,94951
Mythic Quest Raven Banquet,https://downloadwella.com/duvfxy9xm3dw/Mythic.Quest.S02E02.(NKIRI.COM).mkv.html,02,02,94951
Mythic Quest Raven Banquet,https://downloadwella.com/v2ipfhseizqg/Mythic.Quest.S02E03.(NKIRI.COM).mkv.html,02,03,94951
Mythic Quest Raven Banquet,https://downloadwella.com/ku0049w1pxkd/Mythic.Quest.S02E04.(NKIRI.COM).mkv.html,02,04,94951
Mythic Quest Raven Banquet,https://downloadwella.com/kigfrgnpzlu4/Mythic.Quest.S02E05.(NKIRI.COM).mkv.html,02,05,94951
Mythic Quest Raven Banquet,https://downloadwella.com/4nje2y0caoi3/Mythic.Quest.S02E06.(NKIRI.COM).mkv.html,02,06,94951
Mythic Quest Raven Banquet,https://downloadwella.com/fgdknp0329qo/Mythic.Quest.S02E07.(NKIRI.COM).mkv.html,02,07,94951
Mythic Quest Raven Banquet,https://downloadwella.com/xn9h6mib21p8/Mythic.Quest.S02E08.(NKIRI.COM).mkv.html,02,08,94951
Mythic Quest Raven Banquet,https://downloadwella.com/lwdd9izj5xot/Mythic.Quest.S02E09.(NKIRI.COM).mkv.html,02,09,94951
Love Death and Robots,https://wetafiles.com/g6sqx8gooa8d/Love.Death.and.Robots.S03E01.(NKIRI.COM).bciudbviufvfui.mkv.html,03,01,86831
Love Death and Robots,https://wetafiles.com/2vjx343quzst/Love.Death.and.Robots.S03E02.(NKIRI.COM).vfdibvidfubvfi.mkv.html,03,02,86831
Love Death and Robots,https://wetafiles.com/obqb4wftolq8/Love.Death.and.Robots.S03E03.(NKIRI.COM).vfvinofvnfnvi.mkv.html,03,03,86831
Love Death and Robots,https://wetafiles.com/740z9aimaae8/Love.Death.and.Robots.S03E04.(NKIRI.COM).vfnoivfnigbio.mkv.html,03,04,86831
Love Death and Robots,https://wetafiles.com/ui7cktfkperl/Love.Death.and.Robots.S03E05.(NKIRI.COM).bvuibfviubfvu.mkv.html,03,05,86831
Love Death and Robots,https://wetafiles.com/rit4nvepfvr5/Love.Death.and.Robots.S03E06.(NKIRI.COM).vfiubfvuibfvu.mkv.html,03,06,86831
Love Death and Robots,https://wetafiles.com/7iwey5bfk8x5/Love.Death.and.Robots.S03E07.(NKIRI.COM).mvoifdnfinvb.mkv.html,03,07,86831
Love Death and Robots,https://wetafiles.com/uzgzcbixl1y1/Love.Death.and.Robots.S03E08.(NKIRI.COM).vfbuyifvbfiuv.mkv.html,03,08,86831
Love Death and Robots,https://wetafiles.com/nw8091or0kbs/Love.Death.and.Robots.S03E09.(NKIRI.COM).nonvodinvoifoivfoidnboinbgo.mkv.html,03,09,86831
BLUE EYE SAMURAI,https://downloadwella.com/vpvthm2x39ld/Blue.Eye.Samurai.S01E01.(NKIRI.COM).mkv.html,01,01,225180
BLUE EYE SAMURAI,https://downloadwella.com/fc0rvrr1ky7v/Blue.Eye.Samurai.S01E02.(NKIRI.COM).mkv.html,01,02,225180
BLUE EYE SAMURAI,https://downloadwella.com/3sl3tyxvb5qv/Blue.Eye.Samurai.S01E03.(NKIRI.COM).mkv.html,01,03,225180
BLUE EYE SAMURAI,https://downloadwella.com/2ikqk27qiq13/Blue.Eye.Samurai.S01E04.(NKIRI.COM).mkv.html,01,04,225180
BLUE EYE SAMURAI,https://downloadwella.com/8dcv1hqd2sj2/Blue.Eye.Samurai.S01E05.(NKIRI.COM).mkv.html,01,05,225180
BLUE EYE SAMURAI,https://downloadwella.com/kv4isru60xt8/Blue.Eye.Samurai.S01E06.(NKIRI.COM).mkv.html,01,06,225180
BLUE EYE SAMURAI,https://downloadwella.com/h0n6mnnytn2m/Blue.Eye.Samurai.S01E07.(NKIRI.COM).mkv.html,01,07,225180
BLUE EYE SAMURAI,https://downloadwella.com/qyc075op9o0b/Blue.Eye.Samurai.S01E08.(NKIRI.COM).mkv.html,01,08,225180
Monarch: Legacy of Monsters,https://downloadwella.com/lpn8p78n7txd/Monarch.Legacy.of.Monsters.S01E01.(NKIRI.COM).mkv.html,01,01,202411
Monarch: Legacy of Monsters,https://downloadwella.com/kt46gkpm5tkm/Monarch.Legacy.of.Monsters.S01E02.(NKIRI.COM).mkv.html,01,02,202411
Monarch: Legacy of Monsters,https://downloadwella.com/1wuwy4ornxuk/Monarch.Legacy.of.Monsters.S01E03.(NKIRI.COM).mkv.html,01,03,202411
Monarch: Legacy of Monsters,https://downloadwella.com/ne95ie8g641d/Monarch.Legacy.of.Monsters.S01E04.(NKIRI.COM).mkv.html,01,04,202411
For All Man Kind,https://downloadwella.com/p3ynyr166ihs/For.All.Mankind.S04E01.(NKIRI.COM).mkv.html,04,01,
For All Man Kind,https://downloadwella.com/s19ieiyyewig/For.All.Mankind.S04E02.(NKIRI.COM).mkv.html,04,02,
For All Man Kind,https://downloadwella.com/66ac721ylf9h/For.All.Mankind.S04E03.(NKIRI.COM).S.mkv.html,04,03,
For All Man Kind,https://downloadwella.com/vvjbfm97ldp1/For.All.Mankind.S04E04.(NKIRI.COM).mkv.html,04,04,
Demon Slayer,https://downloadwella.com/wkt6qhwbppwg/Demon.Slayer.S01E01.(NKIRI.COM).mkv.html,01,01,85937
Demon Slayer,https://downloadwella.com/987kqaxkvfjs/Demon.Slayer.S01E02.(NKIRI.COM).mkv.html,01,02,85937
Demon Slayer,https://downloadwella.com/00ss7af7s9vs/Demon.Slayer.S01E03.(NKIRI.COM).mkv.html,01,03,85937
Demon Slayer,https://downloadwella.com/q309t26srie4/Demon.Slayer.S01E04.(NKIRI.COM).mkv.html,01,04,85937
Demon Slayer,https://downloadwella.com/kumqqjcvu8kp/Demon.Slayer.S01E05.(NKIRI.COM).mkv.html,01,05,85937
Demon Slayer,https://downloadwella.com/te7ucbc9o8wu/Demon.Slayer.S01E06.(NKIRI.COM).mkv.html,01,06,85937
Demon Slayer,https://downloadwella.com/z9d8gds8wd3j/Demon.Slayer.S01E07.(NKIRI.COM).mkv.html,01,07,85937
Demon Slayer,https://downloadwella.com/c3yymim1b0nk/Demon.Slayer.S01E08.(NKIRI.COM).mkv.html,01,08,85937
Demon Slayer,https://downloadwella.com/5z1utls3s9n5/Demon.Slayer.S01E09.(NKIRI.COM).mkv.html,01,09,85937
Demon Slayer,https://downloadwella.com/o9v4gqkarajv/Demon.Slayer.S01E10.(NKIRI.COM).mkv.html,01,10,85937
Demon Slayer,https://downloadwella.com/tb705wbya2ag/Demon.Slayer.S01E11.(NKIRI.COM).mkv.html,01,11,85937
Demon Slayer,https://downloadwella.com/fmlg3nhhl33v/Demon.Slayer.S01E12.(NKIRI.COM).mkv.html,01,12,85937
Demon Slayer,https://downloadwella.com/g0s4hjetzge1/Demon.Slayer.S01E13.(NKIRI.COM).mkv.html,01,13,85937
Demon Slayer,https://downloadwella.com/vq4ayb5iw0ki/Demon.Slayer.S01E14.(NKIRI.COM).mkv.html,01,14,85937
Demon Slayer,https://downloadwella.com/y90qipx7a5sf/Demon.Slayer.S01E15.(NKIRI.COM).mkv.html,01,15,85937
Demon Slayer,https://downloadwella.com/61ln1zo08c0j/Demon.Slayer.S01E16.(NKIRI.COM).mkv.html,01,16,85937
Demon Slayer,https://downloadwella.com/g0f80ihcykmg/Demon.Slayer.S01E17.(NKIRI.COM).mkv.html,01,17,85937
Demon Slayer,https://downloadwella.com/5x454gj3jds5/Demon.Slayer.S01E18.(NKIRI.COM).mkv.html,01,18,85937
Demon Slayer,https://downloadwella.com/e3iuiqujk2i8/Demon.Slayer.S01E19.(NKIRI.COM).mkv.html,01,19,85937
Demon Slayer,https://downloadwella.com/dlg3es8pqjja/Demon.Slayer.S01E20.(NKIRI.COM).mkv.html,01,20,85937
Demon Slayer,https://downloadwella.com/0cqfkp4hdx1o/Demon.Slayer.S01E21.(NKIRI.COM).mkv.html,01,21,85937
Demon Slayer,https://downloadwella.com/oy0vz0nn51fm/Demon.Slayer.S01E22.(NKIRI.COM).mkv.html,01,22,85937
Demon Slayer,https://downloadwella.com/41sam1bjscf2/Demon.Slayer.S01E23.(NKIRI.COM).mkv.html,01,23,85937
Demon Slayer,https://downloadwella.com/2ctl3kz5icux/Demon.Slayer.S01E24.(NKIRI.COM).mkv.html,01,24,85937
Demon Slayer,https://downloadwella.com/ek06aaw0drj9/Demon.Slayer.S01E25.(NKIRI.COM).mkv.html,01,25,85937
Demon Slayer,https://downloadwella.com/tqw4xyfj9zny/Demon.Slayer.S01E26.(NKIRI.COM).mkv.html,01,26,85937
Culprits,https://downloadwella.com/8u9clo14ijq1/Culprits.S01E01.(NKIRI.COM).mkv.html,01,01,201076
Culprits,https://downloadwella.com/y36mj7m2rj0s/Culprits.S01E02.(NKIRI.COM).mkv.html,01,02,201076
Culprits,https://downloadwella.com/t30qa0htd2tw/Culprits.S01E03.(NKIRI.COM).mkv.html,01,03,201076
Culprits,https://downloadwella.com/68swwzt95mt1/Culprits.S01E04.(NKIRI.COM).mkv.html,01,04,201076
Culprits,https://downloadwella.com/ool7lqzfhpkx/Culprits.S01E05.(NKIRI.COM).mkv.html,01,05,201076
Culprits,https://downloadwella.com/jx7vwphws1bj/Culprits.S01E06.(NKIRI.COM).mkv.html,01,06,201076
Culprits,https://downloadwella.com/u03rukt44ag5/Culprits.S01E07.(NKIRI.COM).mkv.html,01,07,201076
Culprits,https://downloadwella.com/4vtlvmwchhj9/Culprits.S01E08.(NKIRI.COM).mkv.html,01,08,201076
Resident Evil Infinite Darkness,https://downloadwella.com/pa1ppoaex0w7/Resident.Evil.Infinite.Darkness.S01E01.(NKIRI.COM).mkv.html,01,01,110642
Resident Evil Infinite Darkness,https://downloadwella.com/svj1s4oq82pa/Resident.Evil.Infinite.Darkness.S01E02.(NKIRI.COM).mkv.html,01,02,110642
Resident Evil Infinite Darkness,https://downloadwella.com/dgaw5glygvhn/Resident.Evil.Infinite.Darkness.S01E03.(NKIRI.COM).mkv.html,01,03,110642
Resident Evil Infinite Darkness,https://downloadwella.com/ct0bsguptcki/Resident.Evil.Infinite.Darkness.S01E04.(NKIRI.COM).mkv.html,01,04,110642
The Buccaneers,https://downloadwella.com/wzujq2ekmin4/The.Buccaneers.2023.S01E01.(NKIRI.COM).mkv.html,01,01,213338
The Buccaneers,https://downloadwella.com/94zta85htnhg/The.Buccaneers.2023.S01E02.(NKIRI.COM).mkv.html,01,02,213338
The Buccaneers,https://downloadwella.com/67i0n48d9wqq/The.Buccaneers.2023.S01E03.(NKIRI.COM).mkv.html,01,03,213338
The Buccaneers,https://downloadwella.com/d9xlqkvy7dd0/The.Buccaneers.2023.S01E04.(NKIRI.COM).mkv.html,01,04,213338
The Buccaneers,https://downloadwella.com/vsm2qx6z92h8/The.Buccaneers.2023.S01E05.(NKIRI.COM).mkv.html,01,05,213338
The Buccaneers,https://downloadwella.com/86vj40b3wv6k/The.Buccaneers.2023.S01E06.(NKIRI.COM).mkv.html,01,06,213338
Money Heist,https://downloadwella.com/0cw3beervmnv/La.Casa.de.Papel.S01E01.(NKIRI.COM).mkv.html,01,01,71446
Money Heist,https://downloadwella.com/lemmi76961bq/La.Casa.de.Papel.S01E02.(NKIRI.COM).mkv.html,01,02,71446
Money Heist,https://downloadwella.com/uvipqy7vfx0z/La.Casa.de.Papel.S01E03.(NKIRI.COM).mkv.html,01,03,71446
Money Heist,https://downloadwella.com/dfbupg9glfb5/La.Casa.de.Papel.S01E04.(NKIRI.COM).mkv.html,01,04,71446
Money Heist,https://downloadwella.com/ywflai4y3x99/La.Casa.de.Papel.S01E05.(NKIRI.COM).mkv.html,01,05,71446
Money Heist,https://downloadwella.com/9m0xeliese6o/La.Casa.de.Papel.S01E06.(NKIRI.COM).mkv.html,01,06,71446
Money Heist,https://downloadwella.com/rl0zn0lb77oi/La.Casa.de.Papel.S01E07.(NKIRI.COM).mkv.html,01,07,71446
Money Heist,https://downloadwella.com/vl1o39aedd30/La.Casa.de.Papel.S01E08.(NKIRI.COM).mkv.html,01,08,71446
Money Heist,https://downloadwella.com/se4vgmo9rd00/La.Casa.de.Papel.S01E09.(NKIRI.COM).mkv.html,01,09,71446
Money Heist,https://downloadwella.com/ms0q4btest60/La.Casa.de.Papel.S01E10.(NKIRI.COM).mkv.html,01,10,71446
Money Heist,https://downloadwella.com/oz9xakm3w76y/La.Casa.de.Papel.S01E11.(NKIRI.COM).mkv.html,01,11,71446
Money Heist,https://downloadwella.com/ow0lhs5ux9z4/La.Casa.de.Papel.S01E12.(NKIRI.COM).mkv.html,01,12,71446
Money Heist,https://downloadwella.com/i9ggfo79yr30/La.Casa.de.Papel.S01E13.(NKIRI.COM).mkv.html,01,13,71446
Fargo,https://downloadwella.com/i28eh2ayopnq/Fargo.S05E01.(NKIRI.COM).mkv.html,05,01,60622
Fargo,https://downloadwella.com/yp1ueuoyix48/Fargo.S05E02.(NKIRI.COM).mkv.html,05,02,60622
Fargo,https://downloadwella.com/vtobl2f35isr/Fargo.S05E03.(NKIRI.COM).mkv.html,05,03,60622
All the Lights We Cannot See,https://downloadwella.com/rhit3rw1hh84/All.the.Light.We.Cannot.See.S01E01.(NKIRI.COM).mkv.html,01,01,155421
All the Lights We Cannot See,https://downloadwella.com/z2kcwrrcjbse/All.the.Light.We.Cannot.See.S01E02.(NKIRI.COM).mkv.html,01,02,155421
All the Lights We Cannot See,https://downloadwella.com/jenhkuzpx1b7/All.the.Light.We.Cannot.See.S01E03.(NKIRI.COM).mkv.html,01,03,155421
All the Lights We Cannot See,https://downloadwella.com/234omydrxx4g/All.the.Light.We.Cannot.See.S01E04.(NKIRI.COM).mkv.html,01,04,155421
Elite,https://downloadwella.com/iikcnyi5nk0p/Elite.S07E01.(NKIRI.COM).mkv.html,07,01,76669
Elite,https://downloadwella.com/omxgpgg1tmod/Elite.S07E02.(NKIRI.COM).mkv.html,07,02,76669
Elite,https://downloadwella.com/wkuv45xh7pbp/Elite.S07E03.(NKIRI.COM).mkv.html,07,03,76669
Elite,https://downloadwella.com/ompqjli4ho07/Elite.S07E04.(NKIRI.COM).mkv.html,07,04,76669
Elite,https://downloadwella.com/lp6fwpjyqc7j/Elite.S07E05.(NKIRI.COM).mkv.html,07,05,76669
Elite,https://downloadwella.com/nj512l1fsohh/Elite.S07E06.(NKIRI.COM).mkv.html,07,06,76669
Elite,https://downloadwella.com/u9cl6y5z88a3/Elite.S07E07.(NKIRI.COM).mkv.html,07,07,76669
Elite,https://downloadwella.com/m4xscs0du74w/Elite.S07E08.(NKIRI.COM).mkv.html,07,08,76669
Clean Sweep,https://downloadwella.com/urrixq4xnt67/Clean.Sweep.2023.S01E01.(NKIRI.COM).mkv.html,01,01,203552
Clean Sweep,https://downloadwella.com/9ik5bsepd14e/Clean.Sweep.2023.S01E02.(NKIRI.COM).mkv.html,01,02,203552
Clean Sweep,https://downloadwella.com/d9m002m9ug99/Clean.Sweep.2023.S01E03.(NKIRI.COM).mkv.html,01,03,203552
Clean Sweep,https://downloadwella.com/vlccjgd7tjpt/Clean.Sweep.2023.S01E04.(NKIRI.COM).mkv.html,01,04,203552
Clean Sweep,https://downloadwella.com/s0ai69z4onnq/Clean.Sweep.2023.S01E05.(NKIRI.COM).mkv.html,01,05,203552
Clean Sweep,https://downloadwella.com/sw23jprnbuu5/Clean.Sweep.2023.S01E06.(NKIRI.COM).mkv.html,01,06,203552
Jungle,https://downloadwella.com/n9nnjbwuvlu4/Jungle.2022.s01e01.(NKIRI.COM).mkv.html,01,01,208120
Jungle,https://downloadwella.com/fg8k0pe9r60l/Jungle.2022.s01e02.(NKIRI.COM).mkv.html,01,02,208120
Jungle,https://downloadwella.com/ehne35mw6oyj/Jungle.2022.s01e03.(NKIRI.COM).mkv.html,01,03,208120
Jungle,https://downloadwella.com/joqmtc2aadih/Jungle.2022.s01e04.(NKIRI.COM).mkv.html,01,04,208120
Jungle,https://downloadwella.com/lxldu0gd1460/Jungle.2022.s01e05.(NKIRI.COM).mkv.html,01,05,208120
Jungle,https://downloadwella.com/o632k34uzcat/Jungle.2022.s01e06.(NKIRI.COM).mkv.html,01,06,208120
Spy x Family,https://wetafiles.com/5pzptaiasb4d/Spy.x.family.S01E01.(NKIRI.COM).oiobifnoifgobnof.mkv.html,01,01,120089
Spy x Family,https://wetafiles.com/axsmuvgz9wtb/Spy.x.family.S01E02.(NKIRI.COM).vfbvifubvfbviufbi.mkv.html,01,02,120089
Spy x Family,https://wetafiles.com/k9b7h53nuu5a/Spy.x.family.S01E03.(NKIRI.COM).noivfdnoinvgbgb.mkv.html,01,03,120089
Spy x Family,https://wetafiles.com/i1lpfk83laa0/Spy.x.family.S01E04.(NKIRI.COM).vfiububiubvfiubf.mkv.html,01,04,120089
Spy x Family,https://wetafiles.com/u7zgzup9c4tf/Spy.x.family.S01E05.(NKIRI.COM).noinbogibngfobi.mkv.html,01,05,120089
Spy x Family,https://wetafiles.com/mss7zm3pfgdq/Spy.x.family.S01E06.(NKIRI.COM).bgoingfboinoigni.mkv.html,01,06,120089
Spy x Family,https://wetafiles.com/zbn38i8qxst1/Spy.x.family.S01E07.(NKIRI.COM).bgnoifbgnoingbg.mkv.html,01,07,120089
Spy x Family,https://wetafiles.com/5ga9k7d4wr2e/Spy.x.family.S01E08.(NKIRI.COM).bvgnoibnoinbfgb.mkv.html,01,08,120089
Spy x Family,https://wetafiles.com/oghusbn068q4/Spy.x.Family.S01E09.(NKIRI.COM).noivdfnoivfdnbfgnboigfnibbg.mkv.html,01,09,120089
Spy x Family,https://wetafiles.com/eytud75qeyki/Spy.x.Family.S01E10.(NKIRI.COM).noivnfbnibgbgniobfgbgfnh.mkv.html,01,10,120089
Spy x Family,https://wetafiles.com/pxtjjsaq5t0c/Spy.x.Family.S01E11.(NKIRI.COM).niovfdnobinfgonbgfnbgf.mkv.html,01,11,120089
Spy x Family,https://wetafiles.com/wnkn75mrt5a6/Spy.x.Family.S01E12.(NKIRI.COM).nivnfdnigfbnnbgbfgoibgb.mkv.html,01,12,120089
Spy x Family,https://downloadwella.com/ak00rps9owzz/Spy.x.Family.S01E13.(NKIRI.COM).mkv.html,01,13,120089
Spy x Family,https://downloadwella.com/n2fylsimtqp1/Spy.x.Family.S01E14.(NKIRI.COM).mkv.html,01,14,120089
Spy x Family,https://downloadwella.com/1rx3vjk4mswt/Spy.x.Family.S01E15.(NKIRI.COM).mkv.html,01,15,120089
Spy x Family,https://downloadwella.com/e10z2chq6zye/Spy.x.Family.S01E16.(NKIRI.COM).mkv.html,01,16,120089
Spy x Family,https://downloadwella.com/r8r80u3qowk9/Spy.x.Family.S01E17.(NKIRI.COM).mkv.html,01,17,120089
Spy x Family,https://downloadwella.com/ajwn5a0ssxkr/Spy.x.Family.S01E18.(NKIRI.COM).mkv.html,01,18,120089
Spy x Family,https://downloadwella.com/00fneukfcd5j/Spy.x.Family.S01E19.(NKIRI.COM).mkv.html,01,19,120089
Spy x Family,https://downloadwella.com/5yh4xlsz569k/Spy.x.Family.S01E20.(NKIRI.COM).mkv.html,01,20,120089
Spy x Family,https://downloadwella.com/rm1q60zku2jz/Spy.x.Family.S01E21.(NKIRI.COM).mkv.html,01,21,120089
Spy x Family,https://downloadwella.com/fag99la1hjii/Spy.x.Family.S01E22.(NKIRI.COM).mkv.html,01,22,120089
Spy x Family,https://downloadwella.com/b5m3akucpddk/SPY.x.FAMILY.S01E23.(NKIRI.COM).mkv.html,01,23,120089
Spy x Family,https://downloadwella.com/ig2iow3o57t2/Spy.x.Family.S01E24.(NKIRI.COM).mkv.html,01,24,120089
Spy x Family,https://downloadwella.com/y99ke6av1eer/Spy.x.Family.S01E25.(NKIRI.COM).mkv.html,01,25,120089
Gossip Girl 2021,https://downloadwella.com/tmuvsh4gknyt/Gossip.Girl.2021.S01E01.(NKIRI.COM).mkv.html,01,01,95249
Gossip Girl 2021,https://downloadwella.com/6xxf9scrfv2r/Gossip.Girl.2021.S01E02.(NKIRI.COM).mkv.html,01,02,95249
Gossip Girl 2021,https://downloadwella.com/m5deqtptu4zl/Gossip.Girl.2021.S01E03.(NKIRI.COM).mkv.html,01,03,95249
Gossip Girl 2021,https://downloadwella.com/x8270wre1u2l/Gossip.Girl.2021.S01E04.(NKIRI.COM).mkv.html,01,04,95249
Gossip Girl 2021,https://downloadwella.com/svanvsfko380/Gossip.Girl.2021.S01E05.(NKIRI.COM).mkv.html,01,05,95249
Gossip Girl 2021,https://downloadwella.com/mg597ffoqs89/Gossip.Girl.2021.S01E06.(NKIRI.COM).mkv.html,01,06,95249
Gossip Girl 2021,https://downloadwella.com/ska5865lbyv1/Gossip.Girl.2021.S01E07.(NKIRI.COM).mkv.html,01,07,95249
Gossip Girl 2021,https://downloadwella.com/2j4h54in8ubq/Gossip.Girl.2021.S01E08.(NKIRI.COM).mkv.html,01,08,95249
Gossip Girl 2021,https://downloadwella.com/ioam0z43ww3x/Gossip.Girl.2021.S01E09.(NKIRI.COM).mkv.html,01,09,95249
Gossip Girl 2021,https://downloadwella.com/apq78ubc0y8l/Gossip.Girl.2021.S01E10.(NKIRI.COM).mkv.html,01,10,95249
Gossip Girl 2021,https://downloadwella.com/s5dzvdhth1hp/Gossip.Girl.2021.S01E11.(NKIRI.COM).mkv.html,01,11,95249
Gossip Girl 2021,https://downloadwella.com/wifuhlqkxrbb/Gossip.Girl.2021.S01E12.(NKIRI.COM).mkv.html,01,12,95249
Far From Home,https://downloadwella.com/i7ohsfeyp7ps/Far.From.Home.S01E01.(NKIRI.COM).mkv.html,01,01,215874
Far From Home,https://downloadwella.com/395pd19q001n/Far.From.Home.S01E02.(NKIRI.COM).mkv.html,01,02,215874
Far From Home,https://downloadwella.com/l9172o2nv264/Far.From.Home.S01E03.(NKIRI.COM).mkv.html,01,03,215874
Far From Home,https://downloadwella.com/jbphg2eb6d3b/Far.From.Home.S01E04.(NKIRI.COM).mkv.html,01,04,215874
Far From Home,https://downloadwella.com/h3mo5p7ohk91/Far.From.Home.S01E05.(NKIRI.COM).mkv.html,01,05,215874
The Snow Girl,https://downloadwella.com/n97ajfkdd3rq/The.Snow.Girl.S01E01.SPANISH.(NKIRI.COM).mkv.html,01,01,215333
The Snow Girl,https://downloadwella.com/pd09tfwzcjbq/The.Snow.Girl.S01E02.SPANISH.(NKIRI.COM).mkv.html,01,02,215333
The Snow Girl,https://downloadwella.com/p8fluyvdf02o/The.Snow.Girl.S01E03.SPANISH.(NKIRI.COM).mkv.html,01,03,215333
The Snow Girl,https://downloadwella.com/hd0devrhdvhx/The.Snow.Girl.S01E04.SPANISH.(NKIRI.COM).mkv.html,01,04,215333
The Snow Girl,https://downloadwella.com/ov32s0htrvll/The.Snow.Girl.S01E05.SPANISH.(NKIRI.COM).mkv.html,01,05,215333
The Snow Girl,https://downloadwella.com/mkug6lih4lxu/The.Snow.Girl.S01E06.SPANISH.(NKIRI.COM).mkv.html,01,06,215333
La Jauria,https://wetafiles.com/1lb2yu6u244d/La.Jauria.S01E01.(NKIRI.COM).bcuisdbciusbcs.mkv.html,01,01,104819
La Jauria,https://wetafiles.com/8dj38osr50g3/La.Jauria.S01E02.(NKIRI.COM).vfdiubfdvubifv.mkv.html,01,02,104819
La Jauria,https://wetafiles.com/lentu8n5jvb4/La.Jauria.S01E03.(NKIRI.COM).vfinofdovnionv.mkv.html,01,03,104819
La Jauria,https://wetafiles.com/kko9mq21ptiv/La.Jauria.S01E04.(NKIRI.COM).vfibuiubdfbiuvf.mkv.html,01,04,104819
La Jauria,https://wetafiles.com/cj8fr8iv11sb/La.Jauria.S01E05.(NKIRI.COM).ivubfibdfuivbvf.mkv.html,01,05,104819
La Jauria,https://wetafiles.com/pzqelw77zx77/La.Jauria.S01E06.(NKIRI.COM).vybuysdvuyvsdc.mkv.html,01,06,104819
La Jauria,https://wetafiles.com/53jl2c4dllys/La.Jauria.S01E07.(NKIRI.COM).ivbdfiubdfvuibv.mkv.html,01,07,104819
La Jauria,https://wetafiles.com/un7jtzgns9y5/La.Jauria.S01E08.(NKIRI.COM).vfiudbdfibvvfuv.mkv.html,01,08,104819
Bones of Crows,https://downloadwella.com/uu32fruszpjc/Bones.of.Crows.S01E01.(NKIRI.COM).mkv.html,01,01,230047
Bones of Crows,https://downloadwella.com/ihal8l8pqaeo/Bones.of.Crows.S01E02.(NKIRI.COM).mkv.html,01,02,230047
Bones of Crows,https://downloadwella.com/tip98qt2ajip/Bones.of.Crows.S01E03.(NKIRI.COM).mkv.html,01,03,230047
Bones of Crows,https://downloadwella.com/xuoiltmf5sez/Bones.of.Crows.S01E04.(NKIRI.COM).mkv.html,01,04,230047
Bones of Crows,https://downloadwella.com/4lysp60n8esn/Bones.of.Crows.S01E05.(NKIRI.COM).mkv.html,01,05,230047
