SERIES_TITLE,SEASONS,NUMBER_OF_EPISODES,SERIES_ID,YOUTUBE_URL
The Boys Presents Diabolical,01,8,152483,https://www.youtube.com/watch?v=LO8mSkbppE4
The Croods Family Tree,"05, 03, 04","6, 6, 7",132559,https://www.youtube.com/watch?v=hDJYrz590XM
My Adventures With Superman,01,9,125928,https://www.youtube.com/watch?v=OkA1B0ZUMA8
Money Heist,"04, 02, 03, 01","8, 9, 8, 13",71446,https://www.youtube.com/watch?v=_InqQJRqGW4
Squid Game: The Challenge,01,9,204082,https://www.youtube.com/watch?v=O61C8zc8Znk
Jujutsu Kaisen,01,24,95479,https://www.youtube.com/watch?v=VpO6APNqY1c
Made for Love,02,8,90970,https://www.youtube.com/watch?v=lvWgNSLIULw
The Curse,01,4,114655,https://www.youtube.com/watch?v=tui5vl13Gqg
Star Trek Strange New Worlds,01,10,103516,https://www.youtube.com/watch?v=2KJz0JRcNE8
Dave,"01, 02","10, 10",97084,https://www.youtube.com/watch?v=YbDkWQKF_fY
Lookism,01,8,210942,https://www.youtube.com/watch?v=LPgBQSya5rU
Ghost of Beirut,01,4,224009,https://www.youtube.com/watch?v=GQkXeSnY_KU
Rap Shit!,01,8,155772,https://www.youtube.com/watch?v=GY-uLDcRRkg&t=4s&pp=ygUJUmFwIFNoaXQh
Marvels Moon Girl and Devil Dinosaur,01,16,92788,https://www.youtube.com/watch?v=Fq6_26R2QFI
Orphan Black: Echoes,01,10,206916,https://www.youtube.com/watch?v=kO01lFlFfF8
Elite,"01, 02, 06, 03, 04, 07","8, 8, 8, 8, 8, 8",76669,https://www.youtube.com/watch?v=QNwhAdrdwp0
Black Cake,01,7,230225,https://www.youtube.com/watch?v=aHEF2D8yMes
Stan Against Evil,01,8,67832,https://www.youtube.com/watch?v=f5JNGVVLheA
Lawmen: Bass Reeves,01,5,157732,https://www.youtube.com/watch?v=x3XFsQEoJZI
Harlan Coben’s Shelter,01,8,210787,https://www.youtube.com/watch?v=EHGWxugpNII&pp=ygUYSGFybGFuIENvYmVu4oCZcyBTaGVsdGVy
Ginny and Georgia,"01, 02","10, 10",117581,https://www.youtube.com/watch?v=T-tsnIjKV58&t=4s&pp=ygURR2lubnkgYW5kIEdlb3JnaWE%3D
Clone High (2023),01,6,118546,https://www.youtube.com/watch?v=7B5T-Biz8UU&pp=ygUXQ2xvbmUgSGlnaCB0cmFpbGVyIDIwMjM%3D
Captain Laserhawk: A Blood Dragon Remix,01,6,127372,https://www.youtube.com/watch?v=Fvr5vTNsa8g
High Card,01,9,194665,https://www.youtube.com/watch?v=5AwYxzF_R-k
Berserk: The Golden Age Arc Memorial Edition,01,1,211057,https://www.youtube.com/watch?v=H6dkuEdzaFY
Accused,01,15,202097,https://www.youtube.com/watch?v=mM2risBg_ec
Andor,01,12,83867,https://www.youtube.com/watch?v=PboKpnin_Wg
Baymax!,01,6,2287,https://www.youtube.com/watch?v=N8P8wHnwSuY
The End of Love,01,10,211855,https://www.youtube.com/watch?v=Bx1ubJYFdaE&t=3s&pp=ygUPVGhlIEVuZCBvZiBMb3Zl
Acting Good,02,5,212626,https://www.youtube.com/watch?v=C8wVYOVYa1A&t=4s&pp=ygUTQWN0aW5nIEdvb2QgdHJhaWxlcg%3D%3D
Scrublands,01,4,234212,https://www.youtube.com/watch?v=bGTws8CZOt4
Rap Shit,02,4,155772,https://www.youtube.com/watch?v=jhwQrYVwt94&pp=ygUYcmFwIHNoaXQhIHNlcmllcyB0cmFpbGVy
Marvel’s Hit-Monkey,01,10,133903,https://www.youtube.com/watch?v=eCzi6-6_IXM&pp=ygUVTWFydmVs4oCZcyBIaXQtTW9ua2V5
Locke & Key,03,8,62455,https://www.youtube.com/watch?v=ceNKwOvSVm8
BASTARD!! Heavy Metal Dark Fantasy,01,24,156898,https://www.youtube.com/watch?v=_Iqc-dG8peA
Curses!,01,10,66585,https://www.youtube.com/watch?v=C5tg0LoWf0o
Scott Pilgrim Takes Off,01,8,155292,https://www.youtube.com/watch?v=i_hYGPnB5O0
Pretty Little Liars Original Sin,01,10,110531,https://www.youtube.com/watch?v=dBTCYk0gfsM
The Longest Night,01,6,201331,https://www.youtube.com/watch?v=LR2V7WubAK0
Beef,01,10,154385,https://www.youtube.com/watch?v=AFPIMHBzGDs
Superman and Lois,03,13,95057,https://www.youtube.com/watch?v=SJPJPUpNvDw
Love & Death,01,7,225929,https://www.youtube.com/watch?v=FlbNJJwc4jA&t=4s&pp=ygUMTG92ZSAmIERlYXRo
Fellow Travelers,01,6,216089,https://www.youtube.com/watch?v=k_zI9UwYNQo
That 90s Show,01,10,52,https://www.youtube.com/watch?v=b1za7d3KvHw
Marvels M.O.D.O.K (Modok),01,10,111312,https://www.youtube.com/watch?v=oSEWdhHBlYU
Raven of the Inner Palace,01,10,153482,https://www.youtube.com/watch?v=JcdXFO6F_-E
Billy The Kid,02,4,138971,https://www.youtube.com/watch?v=_Cw8v1CP9W0
Cyberpunk: Edgetunners,01,10,105248,https://www.youtube.com/watch?v=KvMY1uzSC1E&pp=ygUWQ3liZXJwdW5rOiBFZGdldHVubmVycw%3D%3D
The Time Travelers Wife,01,6,81322,https://www.youtube.com/watch?v=LV7ZBCgAMM0
Beacon 23,01,4,112388,https://www.youtube.com/watch?v=zQuy5yoWJ7o
Attack On Titan,"01, 04","25, 16",1429,https://www.youtube.com/watch?v=bT9csxkth8g
God’s Favorite Idiot,01,8,114201,https://www.youtube.com/watch?v=xTwCj6Qh6FU&t=3s&pp=ygUWR29k4oCZcyBGYXZvcml0ZSBJZGlvdA%3D%3D
Kennedy,01,8,237368,https://www.youtube.com/watch?v=zJdNAXtUWgc
Tekken Bloodline,01,6,195530,https://www.youtube.com/watch?v=x6-donCAnCc
LEGO DreamZzz,01,10,225320,https://www.youtube.com/watch?v=x2q_UnVdndM
Mythic Quest Raven Banquet,"01, 02","11, 9",94951,https://www.youtube.com/watch?v=UE-X3-lsalo
Love Death and Robots,03,9,86831,https://www.youtube.com/watch?v=ghJkKclfpjY
BLUE EYE SAMURAI,01,8,225180,https://www.youtube.com/watch?v=IsaBrbE1Yrc
Monarch: Legacy of Monsters,01,4,202411,https://www.youtube.com/watch?v=JLHsM4bpfxY
Demon Slayer,01,26,85937,https://www.youtube.com/watch?v=SWAMTXfqer0
Culprits,01,8,201076,https://www.youtube.com/watch?v=JFEs8MngEkM
Resident Evil Infinite Darkness,01,4,110642,https://www.youtube.com/watch?v=P-js-Eww1OI
The Buccaneers,01,6,213338,https://www.youtube.com/watch?v=FaDFty5ipEg
Fargo,05,3,60622,https://www.youtube.com/watch?v=setgvHG3w48&pp=ygUNRmFyZ28gdHJhaWxlcg%3D%3D
All the Lights We Cannot See,01,4,155421,https://www.youtube.com/watch?v=h7E0PStA8YE
Clean Sweep,01,6,203552,https://www.youtube.com/watch?v=EzsKq_Om7bw&pp=ygULQ2xlYW4gU3dlZXA%3D
Jungle,01,6,208120,https://www.youtube.com/watch?v=c0RBg5Qrgsw
Spy x Family,01,25,120089,https://www.youtube.com/watch?v=JP6vBnazpWI
Gossip Girl 2021,01,12,95249,https://www.youtube.com/watch?v=XhsV1gPVJMQ&pp=ygULR29zc2lwIEdpcmw%3D
Far From Home,01,5,215874,https://www.youtube.com/watch?v=MRkInIXz2Fk
The Snow Girl,01,6,215333,https://www.youtube.com/watch?v=GswHGluZnO8
La Jauria,01,8,104819,https://www.youtube.com/watch?v=SmuuOGZVSJA
Bones of Crows,01,5,230047,https://www.youtube.com/watch?v=oyEP5sRoq_w
