movie_title,year
15-cameras,2023
dear-david,2023
the-bell-keeper,2023
herd,2023
in-the-fire,2023
gadar-2,2023
phantom,2023
the-puppetman,2023
expend4bles,2023
jailer,2023
king-of-killers,2023
57-seconds,2023
a-day-and-a-half,2023
concrete-utopia,2023
gran-turismo,2023
dark-asset,2023
15-cameras,2023
15-cameras,2023
dear-david,2023
dear-david,2023
birthrebirth,2023
aged,2023
all-fun-and-games,2023
maid-droid,2023
slotherhouse,2023
the-haunting-of-hell-hole-mine,2023
no-one-will-save-you,2023
til-death-do-us-part,2023
the-haunting-of-saint-josephs,2023
my-animal,2023
the-new-boy,2023
talk-to-me,2023
the-bell-keeper,2023
the-bell-keeper,2023
herd,2023
herd,2023
carls-date,2023
gadar-2,2023
gadar-2,2023
my-worst-neighbor,2023
a-nashville-legacy,2023
wait-with-me,2023
my-valentine-crush,2023
ruined,2023
love-marry-kill,2023
allelujah,2023
his-only-son,2023
monica,2023
