MOVIE_TITLE,YEAR,MOVIE_LINK,MOVIE_ID,YOUTUBE_URL
carls date,2023,https://www.netnaija.one/download-carls-date-2023/download,1076364,https://www.youtube.com/watch?v=5emJgNiFbAA
my worst neighbor,2023,https://www.netnaija.one/download-my-worst-neighbor-2023/download,1005533,https://www.youtube.com/watch?v=vqtOlsMFBE8
a nashville legacy,2023,https://www.netnaija.one/download-a-nashville-legacy-2023/download,1070374,https://www.youtube.com/watch?v=OmQBtG8tNDg
wait with me,2023,https://www.netnaija.one/download-wait-with-me-2023/download,1046043,https://www.youtube.com/watch?v=QhAxLK4lz0c
my valentine crush,2023,https://www.netnaija.one/download-my-valentine-crush-2023/download,1085168,https://www.youtube.com/watch?v=2R3_qLbTffM
ruined,2023,https://www.netnaija.one/download-ruined-2023/download,1163895,https://www.youtube.com/watch?v=IpDEqC4p3_M
love marry kill,2023,https://www.netnaija.one/download-love-marry-kill-2023/download,1134115,https://www.youtube.com/watch?v=E2rukQzv_1o
allelujah,2023,https://www.netnaija.one/download-allelujah-2023/download,894201,https://www.youtube.com/watch?v=KGektpTIYqo
his only son,2023,https://www.netnaija.one/download-his-only-son-2023/download,761851,https://www.youtube.com/watch?v=261fBu9m47Y
monica,2023,https://www.netnaija.one/download-monica-2023/download,540549,https://www.youtube.com/watch?v=os8xbNzqA2I
