MOVIE_TITLE,YEAR,MOVIE_LINK,MOVIE_ID
15 cameras,2023,https://www.netnaija.one/download-15-cameras-2023/download,1179558
dear david,2023,https://www.netnaija.one/download-dear-david-2023/download,609768
the bell keeper,2023,https://www.netnaija.one/download-the-bell-keeper-2023/download,938669
herd,2023,https://www.netnaija.one/download-herd-2023/download,1153020
in the fire,2023,https://www.netnaija.one/download-in-the-fire-2023/download,946215
gadar 2,2023,https://www.netnaija.one/download-gadar-2-2023/download,885331
phantom,2023,https://www.netnaija.one/download-phantom-2023/download,1104298
the puppetman,2023,https://www.netnaija.one/download-the-puppetman-2023/download,1146143
expend4bles,2023,https://www.netnaija.one/download-expend4bles-2023/download,299054
jailer,2023,https://www.netnaija.one/download-jailer-2023/download,937020
king of killers,2023,https://www.netnaija.one/download-king-of-killers-2023/download,1024127
57 seconds,2023,https://www.netnaija.one/download-57-seconds-2023/download,937249
a day and a half,2023,https://www.netnaija.one/download-a-day-and-a-half-2023/download,978783
concrete utopia,2023,https://www.netnaija.one/download-concrete-utopia-2023/download,729854
gran turismo,2023,https://www.netnaija.one/download-gran-turismo-2023/download,980489
dark asset,2023,https://www.netnaija.one/download-dark-asset-2023/download,1168521
birthrebirth,2023,https://www.netnaija.one/download-birthrebirth-2023/download,1058638
aged,2023,https://www.netnaija.one/download-aged-2023/download,1130571
all fun and games,2023,https://www.netnaija.one/download-all-fun-and-games-2023/download,926599
maid droid,2023,https://www.netnaija.one/download-maid-droid-2023/download,1162400
slotherhouse,2023,https://www.netnaija.one/download-slotherhouse-2023/download,1040892
the haunting of hell hole mine,2023,https://www.netnaija.one/download-the-haunting-of-hell-hole-mine-2023/download,809347
no one will save you,2023,https://www.netnaija.one/download-no-one-will-save-you-2023/download,820609
til death do us part,2023,https://www.netnaija.one/download-til-death-do-us-part-2023/download,1126577
my animal,2023,https://www.netnaija.one/download-my-animal-2023/download,1058689
the new boy,2023,https://www.netnaija.one/download-the-new-boy-2023/download,937161
talk to me,2023,https://www.netnaija.one/download-talk-to-me-2023/download,1008042
carls date,2023,https://www.netnaija.one/download-carls-date-2023/download,1076364
my worst neighbor,2023,https://www.netnaija.one/download-my-worst-neighbor-2023/download,1005533
a nashville legacy,2023,https://www.netnaija.one/download-a-nashville-legacy-2023/download,1070374
wait with me,2023,https://www.netnaija.one/download-wait-with-me-2023/download,1046043
my valentine crush,2023,https://www.netnaija.one/download-my-valentine-crush-2023/download,1085168
ruined,2023,https://www.netnaija.one/download-ruined-2023/download,1163895
love marry kill,2023,https://www.netnaija.one/download-love-marry-kill-2023/download,1134115
allelujah,2023,https://www.netnaija.one/download-allelujah-2023/download,894201
his only son,2023,https://www.netnaija.one/download-his-only-son-2023/download,761851
monica,2023,https://www.netnaija.one/download-monica-2023/download,540549
