movie_title,year,movie_link
15 cameras,2023,https://www.netnaija.one/download-15-cameras-2023/download
dear david,2023,https://www.netnaija.one/download-dear-david-2023/download
the bell keeper,2023,https://www.netnaija.one/download-the-bell-keeper-2023/download
herd,2023,https://www.netnaija.one/download-herd-2023/download
in the fire,2023,https://www.netnaija.one/download-in-the-fire-2023/download
gadar 2,2023,https://www.netnaija.one/download-gadar-2-2023/download
phantom,2023,https://www.netnaija.one/download-phantom-2023/download
the puppetman,2023,https://www.netnaija.one/download-the-puppetman-2023/download
expend4bles,2023,https://www.netnaija.one/download-expend4bles-2023/download
jailer,2023,https://www.netnaija.one/download-jailer-2023/download
king of killers,2023,https://www.netnaija.one/download-king-of-killers-2023/download
57 seconds,2023,https://www.netnaija.one/download-57-seconds-2023/download
a day and a half,2023,https://www.netnaija.one/download-a-day-and-a-half-2023/download
concrete utopia,2023,https://www.netnaija.one/download-concrete-utopia-2023/download
gran turismo,2023,https://www.netnaija.one/download-gran-turismo-2023/download
dark asset,2023,https://www.netnaija.one/download-dark-asset-2023/download
15 cameras,2023,https://www.netnaija.one/download-15-cameras-2023/download/download
15 cameras,2023,https://www.netnaija.one/download-15-cameras-2023/download-srt/download
dear david,2023,https://www.netnaija.one/download-dear-david-2023/download/download
dear david,2023,https://www.netnaija.one/download-dear-david-2023/download-srt/download
birthrebirth,2023,https://www.netnaija.one/download-birthrebirth-2023/download
aged,2023,https://www.netnaija.one/download-aged-2023/download
all fun and games,2023,https://www.netnaija.one/download-all-fun-and-games-2023/download
maid droid,2023,https://www.netnaija.one/download-maid-droid-2023/download
slotherhouse,2023,https://www.netnaija.one/download-slotherhouse-2023/download
the haunting of hell hole mine,2023,https://www.netnaija.one/download-the-haunting-of-hell-hole-mine-2023/download
no one will save you,2023,https://www.netnaija.one/download-no-one-will-save-you-2023/download
til death do us part,2023,https://www.netnaija.one/download-til-death-do-us-part-2023/download
the haunting of saint josephs,2023,https://www.netnaija.one/download-the-haunting-of-saint-josephs-2023/download
my animal,2023,https://www.netnaija.one/download-my-animal-2023/download
the new boy,2023,https://www.netnaija.one/download-the-new-boy-2023/download
talk to me,2023,https://www.netnaija.one/download-talk-to-me-2023/download
the bell keeper,2023,https://www.netnaija.one/download-the-bell-keeper-2023/download/download
the bell keeper,2023,https://www.netnaija.one/download-the-bell-keeper-2023/download-srt/download
herd,2023,https://www.netnaija.one/download-herd-2023/download/download
herd,2023,https://www.netnaija.one/download-herd-2023/download-srt/download
carls date,2023,https://www.netnaija.one/download-carls-date-2023/download
gadar 2,2023,https://www.netnaija.one/download-gadar-2-2023/download/download
gadar 2,2023,https://www.netnaija.one/download-gadar-2-2023/download-srt/download
my worst neighbor,2023,https://www.netnaija.one/download-my-worst-neighbor-2023/download
a nashville legacy,2023,https://www.netnaija.one/download-a-nashville-legacy-2023/download
wait with me,2023,https://www.netnaija.one/download-wait-with-me-2023/download
my valentine crush,2023,https://www.netnaija.one/download-my-valentine-crush-2023/download
ruined,2023,https://www.netnaija.one/download-ruined-2023/download
love marry kill,2023,https://www.netnaija.one/download-love-marry-kill-2023/download
allelujah,2023,https://www.netnaija.one/download-allelujah-2023/download
his only son,2023,https://www.netnaija.one/download-his-only-son-2023/download
monica,2023,https://www.netnaija.one/download-monica-2023/download
