MOVIE_TITLE,YEAR,MOVIE_LINK,MOVIE_ID,YOUTUBE_URL
expend4bles,2023,https://www.netnaija.one/download-expend4bles-2023/download,299054,https://www.youtube.com/watch?v=Cm3Z1jEjHHc
king of killers,2023,https://www.netnaija.one/download-king-of-killers-2023/download,1024127,https://www.youtube.com/watch?v=_JXRDQw7EMw
57 seconds,2023,https://www.netnaija.one/download-57-seconds-2023/download,937249,https://www.youtube.com/watch?v=zztwCBesT3g
a day and a half,2023,https://www.netnaija.one/download-a-day-and-a-half-2023/download,978783,https://www.youtube.com/watch?v=eNxhpkdOTWY
concrete utopia,2023,https://www.netnaija.one/download-concrete-utopia-2023/download,729854,https://www.youtube.com/watch?v=nF58qINmxiI
gran turismo,2023,https://www.netnaija.one/download-gran-turismo-2023/download,980489,https://www.youtube.com/watch?v=ZCYHn8mvyF8
dark asset,2023,https://www.netnaija.one/download-dark-asset-2023/download,1168521,https://www.youtube.com/watch?v=v153g7Ld7Eo
15 cameras,2023,https://www.netnaija.one/download-15-cameras-2023/download/download,1179558,https://www.youtube.com/watch?v=RTFFDnrJwJ4
dear david,2023,https://www.netnaija.one/download-dear-david-2023/download/download,609768,https://www.youtube.com/watch?v=cjgL1lYk7VE
birthrebirth,2023,https://www.netnaija.one/download-birthrebirth-2023/download,1058638,https://www.youtube.com/watch?v=7iSSRWut50c
aged,2023,https://www.netnaija.one/download-aged-2023/download,1130571,https://www.youtube.com/watch?v=YcWzKt3HwUA
all fun and games,2023,https://www.netnaija.one/download-all-fun-and-games-2023/download,926599,https://www.youtube.com/watch?v=UPwf19i4RWU
maid droid,2023,https://www.netnaija.one/download-maid-droid-2023/download,1162400,https://www.youtube.com/watch?v=bjNnMmR71lg
slotherhouse,2023,https://www.netnaija.one/download-slotherhouse-2023/download,1040892,https://www.youtube.com/watch?v=JZYAD_TOvNM
the haunting of hell hole mine,2023,https://www.netnaija.one/download-the-haunting-of-hell-hole-mine-2023/download,809347,https://www.youtube.com/watch?v=KBMB7UxmPbg
no one will save you,2023,https://www.netnaija.one/download-no-one-will-save-you-2023/download,820609,https://www.youtube.com/watch?v=IcA02w6rm44
til death do us part,2023,https://www.netnaija.one/download-til-death-do-us-part-2023/download,1126577,https://www.youtube.com/watch?v=81FJNFuzKRU
my animal,2023,https://www.netnaija.one/download-my-animal-2023/download,1058689,https://www.youtube.com/watch?v=fBelb-efRgA
the new boy,2023,https://www.netnaija.one/download-the-new-boy-2023/download,937161,https://www.youtube.com/watch?v=sL1HVstmBTU
talk to me,2023,https://www.netnaija.one/download-talk-to-me-2023/download,1008042,https://www.youtube.com/watch?v=f3cWlKIA2r8
the bell keeper,2023,https://www.netnaija.one/download-the-bell-keeper-2023/download/download,938669,https://www.youtube.com/watch?v=KQL0EXzix0g
herd,2023,https://www.netnaija.one/download-herd-2023/download/download,1153020,https://www.youtube.com/watch?v=hgf9_h5jA-c
carls date,2023,https://www.netnaija.one/download-carls-date-2023/download,1076364,https://www.youtube.com/watch?v=5emJgNiFbAA
gadar 2,2023,https://www.netnaija.one/download-gadar-2-2023/download/download,885331,https://www.youtube.com/watch?v=mljj92tRwlk
my worst neighbor,2023,https://www.netnaija.one/download-my-worst-neighbor-2023/download,1005533,https://www.youtube.com/watch?v=vqtOlsMFBE8
a nashville legacy,2023,https://www.netnaija.one/download-a-nashville-legacy-2023/download,1070374,https://www.youtube.com/watch?v=OmQBtG8tNDg
wait with me,2023,https://www.netnaija.one/download-wait-with-me-2023/download,1046043,https://www.youtube.com/watch?v=QhAxLK4lz0c
my valentine crush,2023,https://www.netnaija.one/download-my-valentine-crush-2023/download,1085168,https://www.youtube.com/watch?v=2R3_qLbTffM
ruined,2023,https://www.netnaija.one/download-ruined-2023/download,1163895,https://www.youtube.com/watch?v=IpDEqC4p3_M
love marry kill,2023,https://www.netnaija.one/download-love-marry-kill-2023/download,1134115,https://www.youtube.com/watch?v=E2rukQzv_1o
allelujah,2023,https://www.netnaija.one/download-allelujah-2023/download,894201,https://www.youtube.com/watch?v=KGektpTIYqo
his only son,2023,https://www.netnaija.one/download-his-only-son-2023/download,761851,https://www.youtube.com/watch?v=261fBu9m47Y
monica,2023,https://www.netnaija.one/download-monica-2023/download,540549,https://www.youtube.com/watch?v=os8xbNzqA2I
