MOVIE_TITLE,YEAR,LINK
The Last Rifleman,2023,https://downloadwella.com/e5ekgyjo8d96/The.Last.Rifleman.(NKIRI.COM).2023.NOW.WEBRip.DOWNLOADED.FROM.NKIRI.COM.mkv.html
WWE Crown Jewel,2023,https://downloadwella.com/l9p6zfu0pwwr/WWE.Crown.Jewel.2023.(NKIRI.COM).mkv.html
NYAD,2023,https://downloadwella.com/bonisg8of0aa/NYAD.(NKIRI.COM).2023.WEBRip.DOWNLOADED.FROM.NKIRI.COM.mkv.html
Quiz Lady,2023,https://downloadwella.com/84d34777xd11/Quiz.Lady.(NKIRI.COM).2023.WEBRip.DOWNLOADED.FROM.NKIRI.COM.mkv.html
Fingernails,2023,https://downloadwella.com/ixgsmwwnadwo/Fingernails.(NKIRI.COM).2023.ATVP.WEBRip.DOWNLOADED.FROM.NKIRI.COM.mkv.html
Hell House LLC Origins: The Carmichael Manor,2023,https://downloadwella.com/jwp75xwcqa5b/Hell.House.LLC.Origins.The.Carmichael.Manor.(NKIRI.COM).2023.WEBRip.DOWNLOADED.FROM.NKIRI.COM.mkv.html
PAW Patrol: The Mighty,2023,https://downloadwella.com/seicx1yprcv4/PAW.Patrol.The.Mighty.Movie.(NKIRI.COM).2023.WEBRip.DOWNLOADED.FROM.NKIRI.COM.mkv.html
Locked In,2023,https://downloadwella.com/exkbv5jedsd6/Locked.In.(NKIRI.COM).2023.NF.WEBRip.DOWNLOADED.FROM.NKIRI.COM.mkv.html
A Haunting in Venice,2023,https://downloadwella.com/ib53t54ym54h/A.Haunting.in.Venice.(NKIRI.COM).2023.AMZN.WEBRip.DOWNLOADED.FROM.NKIRI.COM.mkv.html
