Title,Year,Link
Scrapper,2023,https://nkiri.com/scrapper-2023-download-hollywood-movie/
Catch Me If You Claus,2023,https://nkiri.com/catch-me-if-you-claus-2023-download-hollywood-movie/
May December,2023,https://nkiri.com/may-december-2023-download-hollywood-movie/
The Shepherd,2023,https://nkiri.com/the-shepherd-2023-download-hollywood-short-movie/
How the Grinch Stole Christmas,2023,https://nkiri.com/how-the-grinch-stole-christmas-2023-download-hollywood-movie/
It’s a Wonderful Knife,2023,https://nkiri.com/its-a-wonderful-knife-2023-download-hollywood-movie/
Candy Cane Lane,2023,https://nkiri.com/candy-cane-lane-2023-download-hollywood-movie/
Family Switch,2023,https://nkiri.com/family-switch-2023-download-hollywood-movie/
Kane,2023,https://nkiri.com/kane-2023-download-hollywood-movie/
What Happens Later,2023,https://nkiri.com/what-happens-later-2023-download-hollywood-movie/
In the Land of Saints and Sinners,2023,https://nkiri.com/in-the-land-of-saints-and-sinners-2023-download-hollywood-movie/
Freelance,2023,https://nkiri.com/freelance-2023-download-hollywood-movie/
The Holdovers,2023,https://nkiri.com/the-holdovers-2023-download-hollywood-movie/
WWE Survivor Series WarGames,2023,https://nkiri.com/wwe-survivor-series-wargames-2023-download-wresting-special/
