MOVIE_TITLE,YEAR,LINK
Waitress: The Musical,2023,https://nkiri.com/waitress-the-musical-2023-download-broadway-live/
Justice League: Crisis on Infinite Earths Part One,2023,https://nkiri.com/justice-league-crisis-on-infinite-earths-part-one-2023-download-hollywood-movie/
Napoleon,2023,https://nkiri.com/napoleon-2023-download-hollywood-movie/
Society of the Snow,2023,https://nkiri.com/society-of-the-snow-2023-download-spanish-movie/
Good Grief,2023,https://nkiri.com/good-grief-2023-download-hollywood-movie/
The Bricklayer,2023,https://nkiri.com/the-bricklayer-2023-download-hollywood-movie/
Dangerous Waters,2023,https://nkiri.com/dangerous-waters-2023-download-hollywood-movie/
Race for Glory: Audi vs Lancia,2024,https://nkiri.com/race-for-glory-audi-vs-lancia-2024-download-hollywood-movie/
All Dirt Roads Taste of Salt,2023,https://nkiri.com/all-dirt-roads-taste-of-salt-2023-download-hollywood-movie/
Suka,2023,https://nkiri.com/suka-2023-download-hollywood-movie/
Arthur�s Whiskey,2024,https://nkiri.com/arthurs-whiskey-2023-download-hollywood-movie/
Eileen,2023,https://nkiri.com/eileen-2023-download-hollywood-movie/
Hunting Games,2023,https://nkiri.com/hunting-games-2023-download-hollywood-movie/
Dave Chappelle: The Dreamer,2023,https://nkiri.com/dave-chappelle-the-dreamer-2023-download-standup-special/
How to Have Sex,2023,https://nkiri.com/how-to-have-sex-2023-download-hollywood-movie/
Dream Scenario,2023,https://nkiri.com/dream-scenario-2023-download-hollywood-movie/
Breakwater,2023,https://nkiri.com/breakwater-2023-download-hollywood-movie/
Saltburn,2023,https://nkiri.com/saltburn-2023-download-hollywood-movie/
Rebel Moon � Part One: A Child of Fire,2023,https://nkiri.com/rebel-moon-part-one-a-child-of-fire-2023-download-hollywood-movie/
Bad Behaviour,2023,https://nkiri.com/bad-behaviour-2023-download-hollywood-movie/
Maestro,2023,https://nkiri.com/maestro-2023-download-hollywood-movie/
Our Son,2023,https://nkiri.com/our-son-2023-download-hollywood-movie/
Thanksgiving,2023,https://nkiri.com/thanksgiving-2023-download-hollywood-movie/
Silent Night,2023,https://nkiri.com/silent-night-2023-download-hollywood-movie/
Chicken Run: Dawn of the Chicken,2023,https://nkiri.com/chicken-run-dawn-of-the-chicken-2023-download-hollywood-movie/
Finestkind,2023,https://nkiri.com/finestkind-2023-download-hollywood-movie/
