MOVIE_TITLE,YEAR,MOVIE_LINK,MOVIE_ID
Waitress: The Musical,2023,https://downloadwella.com/3jlhtih5711n/Waitress.The.Musical.(NKIRI.COM).2023.AMZN.WEBRip.DOWNLOADED.FROM.NKIRI.COM.mkv.html,1114653
Napoleon,2023,https://downloadwella.com/qo5p13tloihk/Napoleon.(NKIRI.COM).2023.AMZN.WEBRip.DOWNLOADED.FROM.NKIRI.COM.mkv.html,753342
Society of the Snow,2023,https://wetafiles.com/5i4lsq49i6fn/Society.of.the.Snow.(NKIRI.COM).2023.SPANISH.WEBRip.DOWNLOADED.FROM.NKIRI.COM.mkv.html,906126
Good Grief,2023,https://wetafiles.com/r8lf8ej6z1lv/Good.Grief.(NKIRI.COM).2023.WEBRip.DOWNLOADED.FROM.NKIRI.COM.mkv.html,1036619
The Bricklayer,2023,https://wetafiles.com/heq6yvlt2hty/The.Bricklayer.(NKIRI.COM).2023.WEBRip.DOWNLOADED.FROM.NKIRI.COM.mkv.html,927107
Dangerous Waters,2023,https://wetafiles.com/o6hpw99uuhau/Dangerous.Waters.(NKIRI.COM).2023.AMZN.WEBRip.(NKIRI.COM).mkv.html,980285
Race for Glory: Audi vs Lancia,2024,https://downloadwella.com/lz368a1oc0x2/Race.for.Glory.Audi.vs.Lancia.(NKIRI.COM).2024.AMZN.WEBRip.DOWNLOADED.FROM.NKIRI.COM.mkv.html,972433
All Dirt Roads Taste of Salt,2023,https://downloadwella.com/djghsl9qvkzu/All.Dirt.Roads.Taste.of.Salt.(NKIRI.COM).2023.AMZN.WEBRip.DOWNLOADED.FROM.NKIRI.COM.mkv.html,800227
Suka,2023,https://downloadwella.com/o35brtno3sd0/Eileen.(NKIRI.COM).2023.AMZN.WEBRip.DOWNLOADED.FROM.NKIRI.COM.mkv.html,1189056
Eileen,2023,https://downloadwella.com/o35brtno3sd0/Eileen.(NKIRI.COM).2023.AMZN.WEBRip.DOWNLOADED.FROM.NKIRI.COM.mkv.html,664341
Hunting Games,2023,https://downloadwella.com/rgcvjd9mlcro/Hunting.Games.(NKIRI.COM).2023.WEBRip.DOWNLOADED.FROM.NKIRI.COM.mkv.html,1115396
Dave Chappelle: The Dreamer,2023,https://downloadwella.com/qn3h2wh0ees0/Dave.Chappelle.The.Dreamer.(NKIRI.COM).2023.WEB.DOWNLOADED.FROM.NKIRI.COM_(1).mkv.html,1215439
How to Have Sex,2023,https://downloadwella.com/vblp9vzrn012/How.to.Have.Sex.(NKIRI.COM).2023.AMZN.WEBRip.DOWNLOADED.FROM.NKIRI.COM.mkv.html,1075175
Dream Scenario,2023,https://downloadwella.com/0yyff8tpgnpf/Dream.Scenario.(NKIRI.COM).2023.AMZN.WEBRip.DOWNLOADED.FROM.NKIRI.COM.mkv.html,823482
Breakwater,2023,https://downloadwella.com/c9qf81tlxfho/Breakwater.(NKIRI.COM).2023.AMZN.WEBRip.DOWNLOADED.FROM.NKIRI.COM.mkv.html,1006228
Saltburn,2023,https://downloadwella.com/yhog9hxeein3/Saltburn.(NKIRI.COM).2023.AMZN.WEBRip.DOWNLOADED.FROM.NKIRI.COM.mkv.html,930564
Rebel Moon � Part One: A Child of Fire,2023,https://downloadwella.com/oz8cdnn72i0e/Rebel.Moon.Part.One.A.Child.of.Fire.(NKIRI.COM).2023.NF.WEBRip.DOWNLOADED.FROM.NKIRI.COM.mkv.html,848326
Bad Behaviour,2023,https://downloadwella.com/zju4ryhljeas/Bad.Behaviour.(NKIRI.COM).2023.AMZN.WEBRip.DOWNLOADED.FROM.NKIRI.COM.mkv.html,993933
Maestro,2023,https://downloadwella.com/m32w5x2wlsd1/Maestro.(NKIRI.COM).2023.NF.WEBRip.DOWNLOADED.FROM.NKIRI.COM.mkv.html,523607
Our Son,2023,https://downloadwella.com/514lkzn87dia/Our.Son.(NKIRI.COM).2023.AMZN.WEBRip.DOWNLOADED.FROM.NKIRI.COM.mkv.html,983223
Thanksgiving,2023,https://downloadwella.com/z2wstk6i7rmu/Thanksgiving.(NKIRI.COM).2023.WEBRip.DOWNLOADED.FROM.NKIRI.COM.mkv.html,1071215
Silent Night,2023,https://downloadwella.com/2v2lkumnebcb/Silent.Night.(NKIRI.COM).2023.AMZN.WEBRip.DOWNLOADED.FROM.NKIRI.COM.mkv.html,891699
Chicken Run: Dawn of the Chicken,2023,https://downloadwella.com/jot31d3gotx8/Chicken.Run.Dawn.of.the.Nugget.(NKIRI.COM).2023.NF.WEBRip.DOWNLOADED.FROM.NKIRI.COM.mkv.html,520758
Finestkind,2023,https://downloadwella.com/mxxoig422yfp/Finestkind.(NKIRI.COM).2023.AMZN.WEBRip.DOWNLOADED.FROM.NKIRI.COM.mkv.html,507532
