MOVIE_TITLE,YEAR,LINK
Waitress: The Musical,2023,https://downloadwella.com/3jlhtih5711n/Waitress.The.Musical.(NKIRI.COM).2023.AMZN.WEBRip.DOWNLOADED.FROM.NKIRI.COM.mkv.html
Justice League: Crisis on Infinite Earths Part One,2023,https://downloadwella.com/5oydx4dqinxi/Justice.League.Crisis.on.Infinite.Earths.Part.One.(NKIRI.COM).2024.AMZN.WEB-DL.DOWNLOADED.FROM.NKIRI.COM.mkv.html
Napoleon,2023,https://downloadwella.com/qo5p13tloihk/Napoleon.(NKIRI.COM).2023.AMZN.WEBRip.DOWNLOADED.FROM.NKIRI.COM.mkv.html
Society of the Snow,2023,https://wetafiles.com/5i4lsq49i6fn/Society.of.the.Snow.(NKIRI.COM).2023.SPANISH.WEBRip.DOWNLOADED.FROM.NKIRI.COM.mkv.html
Good Grief,2023,https://wetafiles.com/r8lf8ej6z1lv/Good.Grief.(NKIRI.COM).2023.WEBRip.DOWNLOADED.FROM.NKIRI.COM.mkv.html
The Bricklayer,2023,https://wetafiles.com/heq6yvlt2hty/The.Bricklayer.(NKIRI.COM).2023.WEBRip.DOWNLOADED.FROM.NKIRI.COM.mkv.html
Dangerous Waters,2023,https://wetafiles.com/o6hpw99uuhau/Dangerous.Waters.(NKIRI.COM).2023.AMZN.WEBRip.(NKIRI.COM).mkv.html
Race for Glory: Audi vs Lancia,2024,https://downloadwella.com/lz368a1oc0x2/Race.for.Glory.Audi.vs.Lancia.(NKIRI.COM).2024.AMZN.WEBRip.DOWNLOADED.FROM.NKIRI.COM.mkv.html
All Dirt Roads Taste of Salt,2023,https://downloadwella.com/djghsl9qvkzu/All.Dirt.Roads.Taste.of.Salt.(NKIRI.COM).2023.AMZN.WEBRip.DOWNLOADED.FROM.NKIRI.COM.mkv.html
Suka,2023,https://downloadwella.com/o35brtno3sd0/Eileen.(NKIRI.COM).2023.AMZN.WEBRip.DOWNLOADED.FROM.NKIRI.COM.mkv.html
Arthur�s Whiskey,2024,https://downloadwella.com/53t1dtzsc0k9/Arthurs.Whisky.(NKIRI.COM).2024.NOW.WEBRip.DOWNLOADED.FROM.NKIRI.COM.mkv.html
Eileen,2023,https://downloadwella.com/o35brtno3sd0/Eileen.(NKIRI.COM).2023.AMZN.WEBRip.DOWNLOADED.FROM.NKIRI.COM.mkv.html
Hunting Games,2023,https://downloadwella.com/rgcvjd9mlcro/Hunting.Games.(NKIRI.COM).2023.WEBRip.DOWNLOADED.FROM.NKIRI.COM.mkv.html
Dave Chappelle: The Dreamer,2023,https://downloadwella.com/qn3h2wh0ees0/Dave.Chappelle.The.Dreamer.(NKIRI.COM).2023.WEB.DOWNLOADED.FROM.NKIRI.COM_(1).mkv.html
How to Have Sex,2023,https://downloadwella.com/vblp9vzrn012/How.to.Have.Sex.(NKIRI.COM).2023.AMZN.WEBRip.DOWNLOADED.FROM.NKIRI.COM.mkv.html
Dream Scenario,2023,https://downloadwella.com/0yyff8tpgnpf/Dream.Scenario.(NKIRI.COM).2023.AMZN.WEBRip.DOWNLOADED.FROM.NKIRI.COM.mkv.html
Breakwater,2023,https://downloadwella.com/c9qf81tlxfho/Breakwater.(NKIRI.COM).2023.AMZN.WEBRip.DOWNLOADED.FROM.NKIRI.COM.mkv.html
Saltburn,2023,https://downloadwella.com/yhog9hxeein3/Saltburn.(NKIRI.COM).2023.AMZN.WEBRip.DOWNLOADED.FROM.NKIRI.COM.mkv.html
Rebel Moon � Part One: A Child of Fire,2023,https://downloadwella.com/oz8cdnn72i0e/Rebel.Moon.Part.One.A.Child.of.Fire.(NKIRI.COM).2023.NF.WEBRip.DOWNLOADED.FROM.NKIRI.COM.mkv.html
Bad Behaviour,2023,https://downloadwella.com/zju4ryhljeas/Bad.Behaviour.(NKIRI.COM).2023.AMZN.WEBRip.DOWNLOADED.FROM.NKIRI.COM.mkv.html
Maestro,2023,https://downloadwella.com/m32w5x2wlsd1/Maestro.(NKIRI.COM).2023.NF.WEBRip.DOWNLOADED.FROM.NKIRI.COM.mkv.html
Our Son,2023,https://downloadwella.com/514lkzn87dia/Our.Son.(NKIRI.COM).2023.AMZN.WEBRip.DOWNLOADED.FROM.NKIRI.COM.mkv.html
Thanksgiving,2023,https://downloadwella.com/z2wstk6i7rmu/Thanksgiving.(NKIRI.COM).2023.WEBRip.DOWNLOADED.FROM.NKIRI.COM.mkv.html
Silent Night,2023,https://downloadwella.com/2v2lkumnebcb/Silent.Night.(NKIRI.COM).2023.AMZN.WEBRip.DOWNLOADED.FROM.NKIRI.COM.mkv.html
Chicken Run: Dawn of the Chicken,2023,https://downloadwella.com/jot31d3gotx8/Chicken.Run.Dawn.of.the.Nugget.(NKIRI.COM).2023.NF.WEBRip.DOWNLOADED.FROM.NKIRI.COM.mkv.html
Finestkind,2023,https://downloadwella.com/mxxoig422yfp/Finestkind.(NKIRI.COM).2023.AMZN.WEBRip.DOWNLOADED.FROM.NKIRI.COM.mkv.html
