SERIES_TITLE,SEASONS,NUMBER_OF_EPISODES,SERIES_ID,YOUTUBE_URL
Adventure Time: Fionna & Cake,1,6,131378,https://www.youtube.com/watch?v=94gpIscW0Mc
Ahsoka,1,8,114461,https://www.youtube.com/watch?v=J_1EXWNETiI
All American,"1, 2, 3, 4, 5","16, 16, 19, 20, 20",82428,https://www.youtube.com/watch?v=oIaujmoukqU
All American Homecoming,2,15,153723,https://www.youtube.com/watch?v=VVqOodbjyWs
American Born Chinese,1,8,135615,https://www.youtube.com/watch?v=YrV3pOo3ycU
American Gigolo,1,8,127585,https://www.youtube.com/watch?v=RLy3OJvMgYg
American Horror Stories,2,5,113036,https://www.youtube.com/watch?v=-tC3wIAIBx8
And Just Like That,"1, 2","10, 11",116450,https://www.youtube.com/watch?v=4cIJBe17L4k
Andor,1,12,83867,https://www.youtube.com/watch?v=PboKpnin_Wg
Anne Rices Mayfair Witches,1,8,207863,https://www.youtube.com/watch?v=xscoUU7AeY8
Attack On Titan,"1, 2, 3, 4","25, 12, 22, 16",1429,https://www.youtube.com/watch?v=bT9csxkth8g
Avatar: The Last Airbender,"1, 2, 3","20, 18, 16",246,https://www.youtube.com/watch?v=IyZ0xetSb9s
Average Joe,1,10,228421,https://www.youtube.com/watch?v=YWitM3oDDBI
"BASTARD!! Heavy Metal, Dark Fantasy",1,24,156898,https://www.youtube.com/watch?v=_Iqc-dG8peA
BMF,"1, 2","8, 10",101591,https://www.youtube.com/watch?v=RipiwMg_ofA
Barry,"3, 4","8, 8",73107,https://www.youtube.com/watch?v=BKaL8jiAGuI
Baymax!,1,6,2287,https://www.youtube.com/watch?v=N8P8wHnwSuY
Beckham,1,4,235345,https://www.youtube.com/watch?v=nUVNbJMWi_c
Becoming Elizabeth,1,8,198085,https://www.youtube.com/watch?v=5jRnprCo9oY
Beef,1,10,154385,https://www.youtube.com/watch?v=AFPIMHBzGDs
Bel-Air,2,10,107365,https://www.youtube.com/watch?v=_-_P9DPMuy8
Berserk: The Golden Age Arc Memorial Edition,1,1,211057,https://www.youtube.com/watch?v=H6dkuEdzaFY
Better Call Saul,"1, 2, 3, 4, 5, 6","10, 10, 10, 10, 10, 13",60059,https://www.youtube.com/watch?v=HN4oydykJFc
Billy The Kid,2,2,138971,https://www.youtube.com/watch?v=_Cw8v1CP9W0
Black Bird,1,6,155537,https://www.youtube.com/watch?v=aH1FOkJys3Y
Black Mirror,6,5,42009,https://www.youtube.com/watch?v=di6emt8_ie8
Black Snow,1,6,210178,https://www.youtube.com/watch?v=6gCM4Yhk-yc
Bleach: Thousand Year Blood War,1,13,30984,https://www.youtube.com/watch?v=0c4IoCA5fY0
Bling Empire: New York,1,8,211642,https://www.youtube.com/watch?v=jr8MNrDU_80
Blockbuster,1,10,201874,https://www.youtube.com/watch?v=kDA-phXyYH8
Blood Sisters,1,4,197428,https://www.youtube.com/watch?v=r9sSydb5ec8
Blood and Water,"1, 2, 3","6, 7, 6",64641,https://www.youtube.com/watch?v=txhsXGO4VVk
Bob Hearts Abishola,"1, 2, 3, 4","20, 18, 22, 22",92461,https://www.youtube.com/watch?v=JD4ZItfOpK4
Bodies,1,8,233629,https://www.youtube.com/watch?v=RyZjIPB8paw
Boiling Point,1,4,219443,https://www.youtube.com/watch?v=NX8J7_7_rLw
"Boo, Bitch",1,8,132188,https://www.youtube.com/watch?v=1hWE2ZJxb4c
Bosch Legacy,2,4,153657,https://www.youtube.com/watch?v=6Wsp-o_o_6E
Bosé,1,6,212464,https://www.youtube.com/watch?v=sF3toZfcn_Q
Breaking Bad,"1, 2, 5","7, 13, 16",1396,https://www.youtube.com/watch?v=VFLkMDEO-Xc
Bridgerton,1,8,91239,https://www.youtube.com/watch?v=gpv7ayf_tyE
Candy,1,5,105804,https://www.youtube.com/watch?v=LTbM06Ds42s
Castlevania: Nocturne,1,8,123548,https://www.youtube.com/watch?v=_afpwpbKPs0
Chainsaw Man,1,12,114410,https://www.youtube.com/watch?v=j9sSzNmB5po
Chernobyl,1,5,87108,https://www.youtube.com/watch?v=s9APLXM9Ei8
Children Ruin Everything,3,3,154167,https://www.youtube.com/watch?v=xgyhZsHnvGs
Chucky,"1, 2, 3","8, 8, 3",90462,https://www.youtube.com/watch?v=oBNH-PY730k
Circuit Breakers,1,7,213359,https://www.youtube.com/watch?v=76zO21Z5cog
Citadel,1,6,114922,https://www.youtube.com/watch?v=saoqI5E4PIY
Clean Sweep,1,6,203552,https://www.youtube.com/watch?v=EzsKq_Om7bw
Clickbait,1,8,129495,https://www.youtube.com/watch?v=JZJo0BFZDQ8
Clone High (2023),1,6,118546,https://www.youtube.com/watch?v=7B5T-Biz8UU
Cobra Kai,5,10,77169,https://www.youtube.com/watch?v=xCwwxNbtK6Y
Country Queen,1,6,205722,https://www.youtube.com/watch?v=EkWOqZ6ziUk
Cyberpunk: Edgerunners,1,10,105248,https://www.youtube.com/watch?v=JtqIas3bYhg
DAHMER,1,10,113988,https://www.youtube.com/watch?v=1PgKjIosF50
DAVE,3,10,97084,https://www.youtube.com/watch?v=YbDkWQKF_fY
DI Ray,1,4,196586,https://www.youtube.com/watch?v=_9qkFi2nMKQ
DOTA Dragons Blood,1,8,118956,https://www.youtube.com/watch?v=F0evM-hBlcI
Dam,"1, 2","8, 5",220492,https://www.youtube.com/watch?v=Dt9xAydwUts
Dangerous Liaisons,1,8,155278,https://www.youtube.com/watch?v=gUHOSIe922E
Daniel Spellbound,"1, 2","10, 10",156934,https://www.youtube.com/watch?v=vyKAkZQmirs
Dave,"1, 2","10, 10",97084,https://www.youtube.com/watch?v=YbDkWQKF_fY
Dead End: Paranormal Park,1,10,158139,https://www.youtube.com/watch?v=NwaQcSQi6gs
Demon Slayer,1,26,85937,https://www.youtube.com/watch?v=SWAMTXfqer0
Django,1,10,125359,https://www.youtube.com/watch?v=Gz3zYNWHVAo
Dragon Age: Absolution,1,6,203805,https://www.youtube.com/watch?v=X7MZuR8RM48
East New York,1,21,202296,https://www.youtube.com/watch?v=mEoq5eSthuE
Echo 3,1,10,106116,https://www.youtube.com/watch?v=rJ_CMFSaOO8
Elite,"1, 2, 3, 4, 6","8, 8, 8, 8, 8",76669,https://www.youtube.com/watch?v=QNwhAdrdwp0
Emily in Paris,"1, 2, 3","10, 10, 10",82596,https://www.youtube.com/watch?v=TUAatcPLCCg
Everybody Hates Chris,"1, 2, 3, 4","22, 22, 22, 22",252,https://www.youtube.com/watch?v=2HaUltgWLjM
Everything Now,1,8,234239,https://www.youtube.com/watch?v=2AWI_F6x-Dw
Extrapolations,1,8,138169,https://www.youtube.com/watch?v=2QP-xrG0kZk
FUBAR,1,8,221300,https://www.youtube.com/watch?v=FsEYsHlH1Rs
Fakes,1,10,207841,https://www.youtube.com/watch?v=gZMOVvSkm44
Far From Home,1,5,215874,https://www.youtube.com/watch?v=MRkInIXz2Fk
Fatal Seduction,1,14,227975,https://www.youtube.com/watch?v=6Dpi7CZHY84
Fate: The Winx Saga,"1, 2","6, 7",97175,https://www.youtube.com/watch?v=dfXRud1AIiw
Fired on Mars,1,8,126726,https://www.youtube.com/watch?v=HmuoFRg2fWM
Fleishman Is in Trouble,1,8,156401,https://www.youtube.com/watch?v=2jyBu4xGeH4
Florida Man,1,7,123856,https://www.youtube.com/watch?v=WqI0oxOFaFg
Found,1,3,214160,https://www.youtube.com/watch?v=cccG9NNXCew
Foundation,"1, 2","10, 10",93740,https://www.youtube.com/watch?v=X4QYV5GTz7c
Frasier,1,3,3452,https://www.youtube.com/watch?v=d6rIzxICCio
From,"1, 2","10, 10",124364,https://www.youtube.com/watch?v=QYwb-Vk4FlA
From Scratch,1,8,207717,https://www.youtube.com/watch?v=pXm0SSnQW98
Full Circle,1,6,132016,https://www.youtube.com/watch?v=IZh4E9ICcI4
Gangs of London,"1, 2","9, 8",85021,https://www.youtube.com/watch?v=VoJ_yZqhmAg
Gaslit,1,8,107407,https://www.youtube.com/watch?v=5SxnbpGngtI
Gen V,1,6,205715,https://www.youtube.com/watch?v=uhjJ5brX-bY
Ghost of Beirut,1,4,224009,https://www.youtube.com/watch?v=GQkXeSnY_KU
Ginny and Georgia,"1, 2","10, 10",117581,https://www.youtube.com/watch?v=T-tsnIjKV58
Godfather of Harlem,"1, 2, 3, 8","9, 10, 10, 1",79086,https://www.youtube.com/watch?v=rnWpzJX1lEU
Gods Favorite Idiot,1,8,114201,https://www.youtube.com/watch?v=tb9L-EDSX8I
Good Omens,"1, 2","6, 6",71915,https://www.youtube.com/watch?v=9GljnUA6Ll0
Goosebumps,1,6,157004,https://www.youtube.com/watch?v=sIiUwbBxZo8
Gossip Girl,2,10,1395,https://www.youtube.com/watch?v=m3Y7JEYrAtg
Gossip Girl 2021,1,12,95249,https://www.youtube.com/watch?v=dS3hDAORTVk
Gotham Knights,1,13,195868,https://www.youtube.com/watch?v=UTr1Icyluag
Great Expectations,1,6,157972,https://www.youtube.com/watch?v=dX4L07C07zg
Grown  ish,3,17,71885,https://www.youtube.com/watch?v=9bdXZzQvb0U
Grown-ish,"1, 5","13, 16",71885,https://www.youtube.com/watch?v=9bdXZzQvb0U
Grownish,6,9,71885,https://www.youtube.com/watch?v=9bdXZzQvb0U
Hacks,1,10,124101,https://www.youtube.com/watch?v=QpE4893PxqE
Halo,1,9,52814,https://www.youtube.com/watch?v=b4doITNi2RE
Harlan Cobens Shelter,1,8,210787,https://www.youtube.com/watch?v=EHGWxugpNII
Heartbreak High,1,8,158154,https://www.youtube.com/watch?v=dXpa5PrtuP0
Heartstopper,2,8,124834,https://www.youtube.com/watch?v=FrK4xPy4ahg
High Card,1,9,194665,https://www.youtube.com/watch?v=5AwYxzF_R-k
High School Musical The Musical The Series,"1, 2, 3","10, 12, 7",85801,https://www.youtube.com/watch?v=RlaV8sJGhfc
High School Musical: The Musical: The Series,4,8,85801,https://www.youtube.com/watch?v=RlaV8sJGhfc
His Dark Materials,"1, 2, 3","8, 7, 8",68507,https://www.youtube.com/watch?v=APduGe1eLVI
House of the Dragon,1,10,94997,https://www.youtube.com/watch?v=DotnJ7tTA34
How I Met Your Father,2,19,124010,https://www.youtube.com/watch?v=XrN4YoKxfdc
I Am Groot,"1, 2","5, 5",232125,https://www.youtube.com/watch?v=D7eFpRf4tac
Inside Job,2,8,97727,https://www.youtube.com/watch?v=-aZBIpZY_Fw
Inside Man,1,4,121710,https://www.youtube.com/watch?v=Cj_qFctViCc
Interview with the Vampire,1,7,128098,https://www.youtube.com/watch?v=BecdVouR7mY
Into the Badlands,"1, 2, 3","6, 10, 16",47450,https://www.youtube.com/watch?v=5KyHy4KRvIc
Invasion,2,9,127235,https://www.youtube.com/watch?v=DlaHxL3mHAU
Invincible,1,8,95557,https://www.youtube.com/watch?v=-bfAVpuko5o
Irreverent,1,10,156989,https://www.youtube.com/watch?v=K3L8kYrxI7Y
Jane,1,10,118534,https://www.youtube.com/watch?v=b9l67pSyI0U
Joe Pickett,1,9,122235,https://www.youtube.com/watch?v=KFdzAweTlSs
Johnny vs Amber: The US Trial,1,2,210475,https://www.youtube.com/watch?v=ooueTb-muWo
Jujutsu Kaisen,1,24,95479,https://www.youtube.com/watch?v=VpO6APNqY1c
Justified City Primeval,1,8,201304,https://www.youtube.com/watch?v=9xQ61XMNi9E
Kaguya sama wa Kokurasetai Love is War,1,12,83121,https://www.youtube.com/watch?v=rZ95aZmQu_8
Killing It,"1, 2","10, 8",156878,https://www.youtube.com/watch?v=XmOvgKSKokY
King of Boys Return of the King,1,7,131584,https://www.youtube.com/watch?v=i4OeHI3EJuY
Kizazi Moto: Generation Fire,1,10,156610,https://www.youtube.com/watch?v=WpypOiIB2jc
Krapopolis,1,4,131033,https://www.youtube.com/watch?v=zjAP_hNWy84
Kung Fu,"1, 2, 3","13, 13, 13",114165,https://www.youtube.com/watch?v=Wg2_8cxbAXI
Kung Fu Panda: The Dragon Knight,1,8,129959,https://www.youtube.com/watch?v=KBB34OWS7P4
LEGO DreamZzz,1,10,225320,https://www.youtube.com/watch?v=x2q_UnVdndM
La Jauria,1,8,104819,https://www.youtube.com/watch?v=SmuuOGZVSJA
Lessons in Chemistry,1,3,117303,https://www.youtube.com/watch?v=-1PuK8mxASE
Locke & Key,3,8,62455,https://www.youtube.com/watch?v=ceNKwOvSVm8
Loki,"1, 2","6, 3",84958,https://www.youtube.com/watch?v=nW948Va-l10
Lookism,1,8,210942,https://www.youtube.com/watch?v=LPgBQSya5rU
Loot,1,8,197449,https://www.youtube.com/watch?v=ktzAq7wjJgs
Love & Death,1,7,91759,https://www.youtube.com/watch?v=FlbNJJwc4jA
Love Death and Robots,3,9,86831,https://www.youtube.com/watch?v=ghJkKclfpjY
Love Me,"1, 2","6, 6",139628,https://www.youtube.com/watch?v=HQ5Bv5hGIj0
Lucky Hank,1,8,210239,https://www.youtube.com/watch?v=OY4jhr4_PF0
Lupin,"1, 2, 3","5, 5, 7",96677,https://www.youtube.com/watch?v=ga0iTWXCGa0
Made For Love,1,8,90970,https://www.youtube.com/watch?v=lvWgNSLIULw
Made for Love,2,8,90970,https://www.youtube.com/watch?v=lvWgNSLIULw
Malpractice,1,5,223389,https://www.youtube.com/watch?v=CDyZFbIyRH8
Mammals,1,6,212512,https://www.youtube.com/watch?v=LUJYldqUEJQ
Man Vs Bee,1,8,197588,https://www.youtube.com/watch?v=YQ1vN_91KO0
Maniac,1,10,73411,https://www.youtube.com/watch?v=L6cDDmk-O5A
Manifest,"1, 2, 3, 4","16, 13, 13, 20",79696,https://www.youtube.com/watch?v=I1hNAIzkQWY
Marco Polo,"1,2","10,4",60699,https://www.youtube.com/watch?v=X47BB82s5AI
Marvels M.O.D.O.K (Modok),1,10,111312,https://www.youtube.com/watch?v=oSEWdhHBlYU
Marvels Moon Girl and Devil Dinosaur,1,16,92788,https://www.youtube.com/watch?v=Fq6_26R2QFI
Marvels Hit-Monkey,1,10,133903,https://www.youtube.com/watch?v=gb72HBB1QbA
Mayor of Kingstown,2,10,97951,https://www.youtube.com/watch?v=FFrEjkVEZZU
Mech Cadets,1,10,205214,https://www.youtube.com/watch?v=2mDQXUr0MDE
Mike,1,8,135250,https://www.youtube.com/watch?v=eWWQfrecwHQ
Money Heist,"1, 2, 3, 4","13, 9, 8, 8",71446,https://www.youtube.com/watch?v=_InqQJRqGW4
Moon Knight,1,6,92749,https://www.youtube.com/watch?v=x7Krla_UxRg
Moonhaven,1,6,125398,https://www.youtube.com/watch?v=3DhRku_tM-M
Ms. Marvel,1,6,92782,https://www.youtube.com/watch?v=m9EX0f6V11Y
Mulligan,1,10,100349,https://www.youtube.com/watch?v=u4w4rD1Bbjo
My Adventures With Superman,1,9,125928,https://www.youtube.com/watch?v=OkA1B0ZUMA8
My Dad the Bounty Hunter,"1, 2","10, 9",157221,https://www.youtube.com/watch?v=Hb9tFzpXZTg
Mythic Quest,3,10,94951,https://www.youtube.com/watch?v=UE-X3-lsalo
Mythic Quest Raven Banquet,"1, 2","11, 9",94951,https://www.youtube.com/watch?v=UE-X3-lsalo
Naomi,1,13,125474,https://www.youtube.com/watch?v=ubLkgZHGGVU
Neon,1,8,214128,https://www.youtube.com/watch?v=YhJ-pa9V7R4
Never Have I Ever,"1, 2, 3, 4","9, 10, 10, 10",100883,https://www.youtube.com/watch?v=HyOCCCbxwMQ
Night Sky,1,8,111894,https://www.youtube.com/watch?v=XLnhAbbMkEY
Nine Perfect Strangers,1,8,88989,https://www.youtube.com/watch?v=n-SExOBZ1uI
Nolly,1,3,209082,https://www.youtube.com/watch?v=xf6lEamJEYY
ONE PIECE,1,8,111110,https://www.youtube.com/watch?v=l6kp780S-os
Obi-Wan Kenobi,1,6,92830,https://www.youtube.com/watch?v=3Yh_6_zItPU
One of Us Is Lying,"1, 2","8, 8",118958,https://www.youtube.com/watch?v=TWVMBfMpFiU
Only Murders in the Building,"2, 3","10, 10",107113,https://www.youtube.com/watch?v=JRgyBaTulbs
Outer Banks,"1, 2, 3","10, 10, 10",100757,https://www.youtube.com/watch?v=T0w8iL2vS04
Painkiller,1,6,158083,https://www.youtube.com/watch?v=24-YonhNS0Y
Panhandle,1,8,210095,https://www.youtube.com/watch?v=fvj0QDqk8i4
Pantheon,"1, 2","8, 8",195339,https://www.youtube.com/watch?v=z_HJ3TSlo5c
Paper Girls,1,8,106431,https://www.youtube.com/watch?v=lDz0ioCV1TU
Partner Track,1,10,135035,https://www.youtube.com/watch?v=1Qcm1UMjjoU
Payback,1,6,218346,https://www.youtube.com/watch?v=c0jviarTia8
Peaky Blinders,"1, 2, 3, 4, 5, 6","6, 6, 6, 6, 6, 1",60574,https://www.youtube.com/watch?v=EM12mcTEI88
Pennyworth,"1, 2","10, 10",79588,https://www.youtube.com/watch?v=cIvOHGIzCd0
Physical,"1, 2, 3","10, 10, 10",119181,https://www.youtube.com/watch?v=PQTFdslwJYo
Plan B,1,6,69222,https://www.youtube.com/watch?v=A_tfWAVRTzQ
Power Book II Ghost,3,10,97890,https://www.youtube.com/watch?v=XkTP1QTRWDA
Power Book III Raising Kanan,2,10,124394,https://www.youtube.com/watch?v=huwZi90poSI
Power Book IV Force,2,8,119845,https://www.youtube.com/watch?v=eWHjxxdGz6Q
Praise Petey,1,10,217462,https://www.youtube.com/watch?v=Pa9o3brES0s
Pretty Little Liars Original Sin,1,10,110531,https://www.youtube.com/watch?v=dBTCYk0gfsM
Primal,"1, 2","10, 10",89456,https://www.youtube.com/watch?v=V4UN616BFDA
Quantum Leap,"1, 2","18, 3",202102,https://www.youtube.com/watch?v=Vh2emFNgIOI
Rabbit Hole,1,8,156819,https://www.youtube.com/watch?v=zfbdNfdmQAY
Rain Dogs,1,8,216795,https://www.youtube.com/watch?v=clSobMRk2e8
Raised by Wolves,1,10,85723,https://www.youtube.com/watch?v=mRMVtm2voVA
Raising Dion,"1, 2","9, 8",93392,https://www.youtube.com/watch?v=Z6koPaImHzY
Rap Shit!,1,8,155772,https://www.youtube.com/watch?v=GY-uLDcRRkg
Ratched,1,8,81354,https://www.youtube.com/watch?v=l2tbRZn7tpY
Raven of the Inner Palace,1,10,153482,https://www.youtube.com/watch?v=JcdXFO6F_-E
Reasonable Doubt,1,9,205272,https://www.youtube.com/watch?v=ztaqk6reLlc
Rebel Cheer Squad: A Get Even Series,1,8,196511,https://www.youtube.com/watch?v=YoE1NoPU1Gc
Reboot,1,8,155427,https://www.youtube.com/watch?v=VC0tosYozso
Resident Alien,1,10,96580,https://www.youtube.com/watch?v=T4J7QjGNTs4
Resident Evil,1,8,108296,https://www.youtube.com/watch?v=2tb9ENbFWvQ
Resident Evil Infinite Darkness,1,4,110642,https://www.youtube.com/watch?v=P-js-Eww1OI
Riches,1,6,211772,https://www.youtube.com/watch?v=K7qMBXMQ-rw
Rick and Morty,"1, 2, 3, 4, 5, 6, 7","11, 10, 10, 10, 10, 10, 1",60625,https://www.youtube.com/watch?v=WNhH00OIPP0
Riverdale,7,19,69050,https://www.youtube.com/watch?v=HxtLlByaYTc
Romantic Getaway,1,6,215497,https://www.youtube.com/watch?v=Huigqp1Numg
Royal Crackers,1,10,205504,https://www.youtube.com/watch?v=EwXOdUJOzwg
Run the World,"1, 2","8, 8",123084,https://www.youtube.com/watch?v=yriAaWlKnJw
Russian Doll,"1, 2","8, 7",84977,https://www.youtube.com/watch?v=qPELCYFK-Wg
Samurai Rabbit: The Usagi Chronicles,"1, 2","10, 10",195926,https://www.youtube.com/watch?v=gdvg_6cID0o
Santo,1,6,128013,https://www.youtube.com/watch?v=sspsUdLrc-g
School Spirits,1,8,208397,https://www.youtube.com/watch?v=nB2w3OuaP64
Secret Invasion,1,6,114472,https://www.youtube.com/watch?v=Tp_YZNqNBhw
See,"2, 3","8, 7",80752,https://www.youtube.com/watch?v=03RAKJipMeM
Sex Education,"1, 2, 3, 4","8, 8, 8, 8",81356,https://www.youtube.com/watch?v=Hd2ldTR-WpI
Sex/Life,"1, 2","8, 6",126280,https://www.youtube.com/watch?v=jCS-Y6Sp7CI
Shadow and Bone,"1, 2","8, 8",85720,https://www.youtube.com/watch?v=UHJYYd_RnJc
Shantaram,1,12,95341,https://www.youtube.com/watch?v=9SSHhQRsYcM
Shanty Town,1,6,217460,https://www.youtube.com/watch?v=g3-TbsMEVPw
She-Hulk: Attorney at Law,1,9,92783,https://www.youtube.com/watch?v=u7JsKhI2An0
Shining Girls,1,8,106388,https://www.youtube.com/watch?v=GiNCIA4kszw
Shining Vale,2,2,136745,https://www.youtube.com/watch?v=0bGIiI_k86o
Shoresy,"1, 2","6, 5",158756,https://www.youtube.com/watch?v=m0uKJ8OGJ3g
Silo,1,10,125988,https://www.youtube.com/watch?v=8ZYhuvIv1pA
Single Drunk Female,2,10,136739,https://www.youtube.com/watch?v=CNJ29k2wdrU
Six Four,1,4,203235,https://www.youtube.com/watch?v=-qSySNrdyY8
Sky Rojo,"1, 2, 3","8, 8, 8",117023,https://www.youtube.com/watch?v=PSr9xuLhccc
SkyMed,2,3,133908,https://www.youtube.com/watch?v=HlPyRSLbNCY
Snowpiercer,"2, 3","10, 10",79680,https://www.youtube.com/watch?v=TugLb10GtXI
Solos,1,7,119279,https://www.youtube.com/watch?v=zbIAIE8BBHE
Sonic Prime,2,8,115577,https://www.youtube.com/watch?v=2rShZls4Ffw
Spellbound,1,13,59369,https://www.youtube.com/watch?v=J_H-Sgfkpxo
Spy x Family,1,25,120089,https://www.youtube.com/watch?v=JP6vBnazpWI
Star Trek Strange New Worlds,1,10,103516,https://www.youtube.com/watch?v=2KJz0JRcNE8
Star Trek: Picard,"1, 2, 3","10, 10, 10",85949,https://www.youtube.com/watch?v=FySrgrKJguE
Star Trek: Strange New Worlds,2,10,103516,https://www.youtube.com/watch?v=2KJz0JRcNE8
Star Wars The Book of Boba Fett,1,7,198109,https://www.youtube.com/watch?v=rOJ1cw6mohw
Star Wars: The Bad Batch,2,16,105971,https://www.youtube.com/watch?v=BsOmYpP4UDU
Star Wars: Young Jedi Adventures SHORTS,1,6,202998,https://www.youtube.com/watch?v=otoDnun24zM
Stay Close,1,8,136308,https://www.youtube.com/watch?v=nonC9TyX9hM
Still Up,1,7,213337,https://www.youtube.com/watch?v=3InTFGgHT14
Stranger Things,4,9,66732,https://www.youtube.com/watch?v=mnd7sFt5c3A
Superman and Lois,3,13,95057,https://www.youtube.com/watch?v=SJPJPUpNvDw
Supernatural Academy,1,16,153268,https://www.youtube.com/watch?v=EFjA-oiea6Y
Surface,1,8,3486,https://www.youtube.com/watch?v=_j6B81LF6rY
SurrealEstate,"1, 2","10, 3",106148,https://www.youtube.com/watch?v=gIoAZaZwFvw
Suspicion,1,8,100414,https://www.youtube.com/watch?v=fb6GZohsTSY
Swagger,"1, 2","10, 8",94245,https://www.youtube.com/watch?v=87A_aLJOY4g
Swarm,1,7,220116,https://www.youtube.com/watch?v=SDHxie2QcJI
Sweet Magnolias,"1, 3","7, 10",102904,https://www.youtube.com/watch?v=TEgrH93KLgY
Sweet Tooth,"1, 2","8, 8",103768,https://www.youtube.com/watch?v=9zG9RuJb3QU
Tales of the Walking Dead,1,6,136248,https://www.youtube.com/watch?v=6_bgMHDAmyw
Ted Lasso,"1, 2, 3","10, 12, 12",97546,https://www.youtube.com/watch?v=3u7EIiohs6U
Teen Wolf,"1, 2, 3, 4, 5, 6","12, 12, 24, 12, 20, 20",34524,https://www.youtube.com/watch?v=McOKQsgmoPc
Tekken Bloodline,1,6,195530,https://www.youtube.com/watch?v=x6-donCAnCc
Terminator: The Sarah Connor Chronicles,"1, 2","9, 22",433,https://www.youtube.com/watch?v=i0fXTDI1egY
That 90s Show,1,10,135959,https://www.youtube.com/watch?v=YM6ZkmRZRJs
The Act,1,8,82883,https://www.youtube.com/watch?v=Y_5fqDZCjQo
The Bear,"1, 2","8, 10",136315,https://www.youtube.com/watch?v=WBlIUsFEnsw
The Best Man: The Final Chapter,1,8,213463,https://www.youtube.com/watch?v=PBKckidprks
The Big Door Prize,1,10,194704,https://www.youtube.com/watch?v=Mu-KfLd-d9U
The Boss Baby: Back in the Crib,2,16,197429,https://www.youtube.com/watch?v=m8v4nZBcKT8
The Boys,"1, 2, 3","8, 8, 8",76479,https://www.youtube.com/watch?v=tcrNsIaQkb4
The Boys Presents Diabolical,1,8,152483,https://www.youtube.com/watch?v=LO8mSkbppE4
The Brave Ones,1,6,209390,https://www.youtube.com/watch?v=9LGc8omP4aM
The Burning Girls,1,6,234787,https://www.youtube.com/watch?v=gEmInTD1W3k
The Catch,1,2,65579,https://www.youtube.com/watch?v=Go0R8IZlhZQ
The Changeling,1,8,131992,https://www.youtube.com/watch?v=i3jjAm2dBeo
The Chi,"1, 2, 3, 4, 5, 6","10, 10, 10, 9, 6, 8",72071,https://www.youtube.com/watch?v=22if69BjkPI
The Cleaning Lady,"1, 2","10, 12",125282,https://www.youtube.com/watch?v=DZRRfMHxdAw
The Clearing,1,8,202162,https://www.youtube.com/watch?v=k-1n9bISZag
The Company You Keep,1,10,208713,https://www.youtube.com/watch?v=2UN3UeOr7wo
The Consultant,1,8,139099,https://www.youtube.com/watch?v=Rj6gQdEyGXI
The Continental: From the World of John Wick,1,3,72710,https://www.youtube.com/watch?v=Z3KmgnQbor8
The Croods Family Tree,"3, 4, 5","6, 7, 6",132559,https://www.youtube.com/watch?v=hDJYrz590XM
The Crossover,1,8,121183,https://www.youtube.com/watch?v=xBxA1jLuKSU
The Crowded Room,1,10,123192,https://www.youtube.com/watch?v=4w1xZA7pX2c
The Deep End,1,4,196965,https://www.youtube.com/watch?v=ZWb11xqXKQs
The End of Love,1,10,211855,https://www.youtube.com/watch?v=Bx1ubJYFdaE
The End of the Fucking World,"1, 2","8, 8",74577,https://www.youtube.com/watch?v=SqILm2JuHx4
The Endgame,1,10,134375,https://www.youtube.com/watch?v=j5LDHsYXK0I
The English,1,6,99346,https://www.youtube.com/watch?v=6ocyF_Iuj7U
The Equalizer,"1, 2, 3","10, 18, 18",95205,https://www.youtube.com/watch?v=2rZegVSWEXU
The Essex Serpent,1,6,108171,https://www.youtube.com/watch?v=A5GqOeELRFU
The Fall of the House of Usher,1,8,157065,https://www.youtube.com/watch?v=yvuAWVzP6wI
The Family Stallone,1,6,222236,https://www.youtube.com/watch?v=yWQ_Q9x6TQU
The Flash,9,13,60735,https://www.youtube.com/watch?v=IgVyroQjZbE
The Good Doctor,"2, 6","18, 22",71712,https://www.youtube.com/watch?v=lnY9FWUTY84
The Idol,1,5,135251,https://www.youtube.com/watch?v=xVYUKxF0wMc
The Imperfects,1,10,203555,https://www.youtube.com/watch?v=sTJfJoaZrCw
The Irrational,1,4,217211,https://www.youtube.com/watch?v=gmHiSRUp_cE
The Irregulars,1,8,98187,https://www.youtube.com/watch?v=lTE5MAGpflw
The Kardashians,"2, 3, 4","10, 10, 3",154521,https://www.youtube.com/watch?v=CvEzCkdgnWk
The Killing Kind,1,6,231340,https://www.youtube.com/watch?v=32fbgdElVSA
The Lake,1,8,158051,https://www.youtube.com/watch?v=823kWW6TFa0
The Last Kingdom,"1, 2, 3, 4, 5","8, 8, 10, 10, 10",63333,https://www.youtube.com/watch?v=WxPApTGWwas
The Last Thing He Told Me,1,7,201289,https://www.youtube.com/watch?v=9TIZZhFOY6E
The Last of Us,1,9,100088,https://www.youtube.com/watch?v=uLtkt8BonwM
The Lazarus Project,1,8,194567,https://www.youtube.com/watch?v=Hz6ThnoEnGw
The Legend of Vox Machina,2,12,135934,https://www.youtube.com/watch?v=JvwxQSc-3os
The Long Shadow,1,7,231811,https://www.youtube.com/watch?v=Opod-Itl8Xc
The Longest Night,1,6,201331,https://www.youtube.com/watch?v=LR2V7WubAK0
The Lord of the Rings: The Rings of Power,1,8,84773,https://www.youtube.com/watch?v=x8UAUAuKNcU
The Mandalorian,3,8,82856,https://www.youtube.com/watch?v=2RVnrBLOBcI
The Midnight Club,1,10,126254,https://www.youtube.com/watch?v=X2BEI88HpFM
The Morning Show,"1, 2, 3","10, 10, 7",90282,https://www.youtube.com/watch?v=iJjp5p51Cow
The Most Hated Man on the Internet,1,2,205106,https://www.youtube.com/watch?v=j5gjOPL4MIE
The Nevers,1,12,80828,https://www.youtube.com/watch?v=cw3TswqpD_0
The Night Agent,1,10,129552,https://www.youtube.com/watch?v=YDbnY9Obsfs
The Old Man,1,7,111800,https://www.youtube.com/watch?v=-ZgyQgOc72w
The Originals,"1, 2, 3, 4, 5","22, 22, 22, 13, 13",46896,https://www.youtube.com/watch?v=7XEQqaV_dTM
The Other Black Girl,1,10,209727,https://www.youtube.com/watch?v=7gmYkNE0wYw
The Patient,1,10,135868,https://www.youtube.com/watch?v=ZLYBmDFhzDc
The Power,1,9,95558,https://www.youtube.com/watch?v=rjcgp-FxMxk
The Quest,1,8,196749,https://www.youtube.com/watch?v=uwEf0JKIFOc
The Really Loud House,1,4,211779,https://www.youtube.com/watch?v=bSH0uLYKubk
The Reckoning,1,4,197193,https://www.youtube.com/watch?v=Wud_ofC2rAI
The Recruit,1,8,210916,https://www.youtube.com/watch?v=dT0kexzmU7A
The Republic of Sarah,1,13,114162,https://www.youtube.com/watch?v=kM2u-0-_wjs
The Rookie: Feds,1,22,201992,https://www.youtube.com/watch?v=OI4DDZ97LUw
The Sandman,1,10,90802,https://www.youtube.com/watch?v=ZJXamnPUm0I
The Santa Clauses,1,6,155631,https://www.youtube.com/watch?v=6Of1wKwGVPo
The Serpent Queen,1,8,118189,https://www.youtube.com/watch?v=AeQps60EaII
The Sex Lives of College Girls,"1, 2","10, 10",134373,https://www.youtube.com/watch?v=Al5-QXSDjkc
The Snow Girl,1,6,215333,https://www.youtube.com/watch?v=GswHGluZnO8
The Son,"1, 2","10, 10",67232,https://www.youtube.com/watch?v=4Ft9vsjqy0Y
The Summer I Turned Pretty,"1, 2","7, 8",194766,https://www.youtube.com/watch?v=FfAueqEab30
The Suspect,1,5,157062,https://www.youtube.com/watch?v=9vskRbC5eRI
The Terminal List,1,8,120911,https://www.youtube.com/watch?v=x9FvvsC0B5Q
The Time Travelers Wife,1,6,81322,https://www.youtube.com/watch?v=LV7ZBCgAMM0
The Umbrella Academy,"1, 2, 3","10, 10, 7",75006,https://www.youtube.com/watch?v=0DAmWHxeoKw
The Upshaws,"2, 3","8, 8",121509,https://www.youtube.com/watch?v=H172Id0Kz-c
The Vampire Diaries,"1, 2, 3, 5, 6, 7, 8","22, 22, 22, 22, 22, 22, 16",18165,https://www.youtube.com/watch?v=Ht22r0L-KM4
The Villains of Valley View,1,10,153715,https://www.youtube.com/watch?v=IYgkzP_wwdc
The Walking Dead,"1, 2, 3, 4, 5, 6, 7, 8, 9, 10, 11","6, 13, 16, 16, 16, 16, 16, 16, 16, 22, 24",1402,https://www.youtube.com/watch?v=BXqUmob-nfg
The Walking Dead: Daryl Dixon,1,6,211684,https://www.youtube.com/watch?v=iTOaFootkSk
The Watchful Eye,1,10,205440,https://www.youtube.com/watch?v=lXaH728HZ1E
The Way Home,1,6,201836,https://www.youtube.com/watch?v=BaJzRyQSHJQ
The Wheel of Time,2,8,71914,https://www.youtube.com/watch?v=11ZozKfRqvA
The Winchesters,1,13,128113,https://www.youtube.com/watch?v=bjgldTKkpII
The Winter King,1,8,99737,https://www.youtube.com/watch?v=oZLAtg-yuPA
The Witcher,"1, 3","8, 8",71912,https://www.youtube.com/watch?v=eb90gqGYP9c
The Woman in the Wall,1,6,209922,https://www.youtube.com/watch?v=4JxAIKRCuF8
Tiny Beautiful Things,1,8,203554,https://www.youtube.com/watch?v=v2H16EV2sIQ
Titans,4,12,75450,https://www.youtube.com/watch?v=9xIZoih_DaE
Tom Clancys Jack Ryan,"1, 2, 3, 4","8, 8, 8, 6",73375,https://www.youtube.com/watch?v=AK-Mdu1Epy0
Tom Swift,1,9,132380,https://www.youtube.com/watch?v=3cWOdQ0VqDI
Too Hot to Handle,"1, 2, 3, 4, 5","8, 11, 10, 9, 3",102085,https://www.youtube.com/watch?v=2JgPJpgnut4
Top Boy,5,6,93544,https://www.youtube.com/watch?v=8ECuSyjccZI
iCarly,"1, 3","13, 10",5371,https://www.youtube.com/watch?v=UZPdQyXl-Lo
