SERIES_TITLE,SEASON,NUMBER_OF_EPISODES
Acting Good,2,1
Adventure Time: Fionna & Cake,1,6
Ahsoka,1,8
All American,1,16
All American,2,16
All American,3,19
All American,4,20
All American,5,20
All American Homecoming,2,15
American Born Chinese,1,8
American Gigolo,1,8
American Horror Stories,2,5
And Just Like That,1,10
And Just Like That,2,11
Andor,1,12
Anne Rices Mayfair Witches,1,8
Attack On Titan,1,25
Attack On Titan,2,12
Attack On Titan,3,22
Attack On Titan,4,16
Attack on Titan,1,1
Avatar: The Last Airbender,1,20
Avatar: The Last Airbender,2,18
Avatar: The Last Airbender,3,16
Average Joe,1,10
"BASTARD!! Heavy Metal, Dark Fantasy",1,24
BMF,1,8
BMF,2,10
Barry,3,8
Barry,4,8
Baymax!,1,6
Beckham,1,4
Becoming Elizabeth,1,1
Beef,1,10
Bel-Air,2,10
Berserk: The Golden Age Arc Memorial Edition,1,1
Better Call Saul,1,10
Better Call Saul,2,10
Better Call Saul,3,10
Better Call Saul,4,10
Better Call Saul,5,10
Better Call Saul,6,13
Billy The Kid,2,2
Black Bird,1,6
Black Mirror,6,5
Black Snow,1,6
Bleach: Thousand Year Blood War,1,13
Bling Empire: New York,1,8
Blockbuster,1,10
Blood Sisters,1,4
Blood and Water,1,6
Blood and Water,2,7
Blood and Water,3,6
Bob Hearts Abishola,1,20
Bob Hearts Abishola,2,18
Bob Hearts Abishola,3,22
Bob Hearts Abishola,4,22
Bodies,1,8
Boiling Point,1,4
"Boo, Bitch",1,8
Bosch Legacy,2,4
Bosé,1,6
Breaking Bad,1,7
Breaking Bad,2,13
Breaking Bad,5,16
Bridgerton,1,8
Candy,1,1
Castlevania: Nocturne,1,8
Chainsaw Man,1,12
Chernobyl,1,5
Children Ruin Everything,3,3
Chucky,1,8
Chucky,2,8
Chucky,3,3
Circuit Breakers,1,7
Citadel,1,6
Clean Sweep,1,6
Clickbait,1,8
Clone High (2023),1,6
Cobra Kai,5,10
Country Queen,1,6
Cyberpunk: Edgetunners,1,10
DAHMER,1,10
DAVE,3,10
DI Ray,1,4
DOTA Dragons Blood,1,8
Dam,1,8
Dam,2,5
Dangerous Liaisons,1,8
Daniel Spellbound,1,10
Daniel Spellbound,2,10
Dave,1,10
Dave,2,10
Dead End: Paranormal Park,1,10
Demon Slayer,1,26
Django,1,10
Dragon Age: Absolution,1,6
East New York,1,21
Echo 3,1,10
Elite,1,8
Elite,2,8
Elite,3,8
Elite,4,8
Elite,6,8
Emily in Paris,1,10
Emily in Paris,2,10
Emily in Paris,3,10
Everybody Hates Chris,1,22
Everybody Hates Chris,2,22
Everybody Hates Chris,3,22
Everybody Hates Chris,4,22
Everything Now,1,8
Extrapolations,1,8
FUBAR,1,8
Fakes,1,10
Far From Home,1,5
Fatal Seduction,1,14
Fate: The Winx Saga,1,6
Fate: The Winx Saga,2,7
Fired on Mars,1,8
Fleishman Is in Trouble,1,8
Florida Man,1,7
Found,1,3
Foundation,1,10
Foundation,2,10
Frasier,1,3
From,1,10
From,2,10
From Scratch,1,8
Full Circle,1,6
Gangs of London,1,9
Gangs of London,2,8
Gaslit,1,8
Gen V,1,6
Ghost of Beirut,1,4
Ginny and Georgia,1,10
Ginny and Georgia,2,10
Godfather of Harlem,1,9
Godfather of Harlem,2,10
Godfather of Harlem,3,10
Godfather of Harlem,8,1
Gods Favorite Idiot,1,8
Good Omens,1,6
Good Omens,2,6
Goosebumps,1,6
Gossip Girl,2,10
Gossip Girl 2021,1,12
Gotham Knights,1,13
Great Expectations,1,6
Grown  ish,3,17
Grown-ish,1,13
Grown-ish,5,16
Grownish,6,9
Hacks,1,10
Halo,1,9
Harlan Cobens Shelter,1,8
Heartbreak High,1,8
Heartstopper,2,8
High Card,1,9
High School Musical The Musical The Series,1,10
High School Musical The Musical The Series,2,12
High School Musical The Musical The Series,3,7
High School Musical: The Musical: The Series,4,8
His Dark Materials,1,8
His Dark Materials,2,7
His Dark Materials,3,8
House of the Dragon,1,10
How I Met Your Father,2,19
I Am Groot,1,5
I Am Groot,2,5
Inside Job,2,8
Inside Man,1,4
Interview with the Vampire,1,7
Into the Badlands,1,6
Into the Badlands,2,10
Into the Badlands,3,16
Invasion,2,9
Invincible,1,8
Irreverent,1,10
Jane,1,10
Joe Pickett,1,9
Johnny vs Amber: The US Trial,1,2
Jujutsu Kaisen,1,24
Justified City Primeval,1,8
Kaguya sama wa Kokurasetai Love is War,1,12
Killing It,1,10
Killing It,2,8
King of Boys Return of the King,1,7
Kizazi Moto: Generation Fire,1,10
Krapopolis,1,4
Kung Fu,1,13
Kung Fu,2,13
Kung Fu,3,13
Kung Fu Panda: The Dragon Knight,1,8
LEGO DreamZzz,1,10
La Jauria,1,8
Lessons in Chemistry,1,3
Locke & Key,3,8
Loki,1,6
Loki,2,3
Lookism,1,8
Loot,1,8
Love & Death,1,7
Love Death and Robots,3,9
Love Me,1,6
Love Me,2,6
Lucky Hank,1,8
Lupin,1,5
Lupin,2,5
Lupin,3,7
Made For Love,1,8
Made for Love,2,8
Malpractice,1,5
Mammals,1,6
Man Vs Bee,1,8
Maniac,1,10
Manifest,1,16
Manifest,2,13
Manifest,3,13
Manifest,4,20
Marco Polo,2,2
Marvels M.O.D.O.K (Modok),1,10
Marvels Moon Girl and Devil Dinosaur,1,16
Marvels Hit-Monkey,1,10
Mayor of Kingstown,2,10
Mech Cadets,1,10
Mike,1,8
Money Heist,1,13
Money Heist,2,9
Money Heist,3,8
Money Heist,4,8
Moon Knight,1,6
Moonhaven,1,6
Ms. Marvel,1,6
Mulligan,1,10
My Adventures With Superman,1,9
My Dad the Bounty Hunter,1,10
My Dad the Bounty Hunter,2,9
Mythic Quest,3,10
Mythic Quest Raven Banquet,1,11
Mythic Quest Raven Banquet,2,9
Naomi,1,13
Neon,1,8
Never Have I Ever,1,9
Never Have I Ever,2,10
Never Have I Ever,3,10
Never Have I Ever,4,10
Night Sky,1,8
Nine Perfect Strangers,1,8
Nolly,1,3
ONE PIECE,1,8
Obi-Wan Kenobi,1,6
One of Us Is Lying,1,8
One of Us Is Lying,2,8
Only Murders in the Building,2,10
Only Murders in the Building,3,10
Outer Banks,1,10
Outer Banks,2,10
Outer Banks,3,10
Painkiller,1,6
Panhandle,1,8
Pantheon,1,8
Pantheon,2,8
Paper Girls,1,8
Partner Track,1,10
Payback,1,6
Peaky Blinders,1,6
Peaky Blinders,2,6
Peaky Blinders,3,6
Peaky Blinders,4,6
Peaky Blinders,5,6
Peaky Blinders,6,1
Pennyworth,1,10
Pennyworth,2,10
Physical,1,10
Physical,2,10
Physical,3,10
Plan B,1,6
Power Book II Ghost,3,10
Power Book III Raising Kanan,2,10
Power Book IV Force,2,8
Praise Petey,1,10
Pretty Little Liars Original Sin,1,10
Primal,1,10
Primal,2,10
Quantum Leap,1,18
Quantum Leap,2,3
Rabbit Hole,1,8
Rain Dogs,1,8
Raised by Wolves,1,10
Raising Dion,1,9
Raising Dion,2,8
Rap Shit!,1,8
Ratched,1,8
Raven of the Inner Palace,1,10
Reasonable Doubt,1,9
Rebel Cheer Squad: A Get Even Series,1,8
Reboot,1,8
Resident Alien,1,10
Resident Evil,1,8
Resident Evil Infinite Darkness,1,4
Riches,1,6
Rick and Morty,1,11
Rick and Morty,2,10
Rick and Morty,3,10
Rick and Morty,4,10
Rick and Morty,5,10
Rick and Morty,6,10
Rick and Morty,7,1
Riverdale,7,19
Romantic Getaway,1,6
Royal Crackers,1,10
Run the World,1,8
Run the World,2,8
Russian Doll,1,8
Russian Doll,2,7
Samurai Rabbit: The Usagi Chronicles,1,10
Samurai Rabbit: The Usagi Chronicles,2,10
Santo,1,6
School Spirits,1,8
Secret Invasion,1,6
See,2,8
See,3,7
Sex Education,1,8
Sex Education,2,8
Sex Education,3,8
Sex Education,4,8
Sex/Life,1,8
Sex/Life,2,6
Shadow and Bone,1,8
Shadow and Bone,2,8
Shantaram,1,12
Shanty Town,1,6
She-Hulk: Attorney at Law,1,9
Shining Girls,1,8
Shining Vale,2,2
Shoresy,1,6
Shoresy,2,5
Silo,1,10
Single Drunk Female,2,10
Six Four,1,4
Sky Rojo,1,8
Sky Rojo,2,8
Sky Rojo,3,8
SkyMed,2,3
Snowpiercer,2,10
Snowpiercer,3,10
Solos,1,7
Sonic Prime,2,8
Spellbound,1,13
Spy x Family,1,25
Star Trek Strange New Worlds,1,10
Star Trek: Picard,1,10
Star Trek: Picard,2,10
Star Trek: Picard,3,10
Star Trek: Strange New Worlds,2,10
Star Wars The Book of Boba Fett,1,7
Star Wars: The Bad Batch,2,16
Star Wars: Young Jedi Adventures SHORTS,1,6
Stay Close,1,8
Still Up,1,7
Stranger Things,4,9
Superman and Lois,3,13
Supernatural Academy,1,16
Surface,1,8
SurrealEstate,1,10
SurrealEstate,2,3
Suspicion,1,8
Swagger,1,10
Swagger,2,8
Swarm,1,7
Sweet Magnolias,1,7
Sweet Magnolias,3,10
Sweet Tooth,1,8
Sweet Tooth,2,8
Tales of the Walking Dead,1,6
Ted Lasso,1,10
Ted Lasso,2,12
Ted Lasso,3,12
Teen Wolf,1,12
Teen Wolf,2,12
Teen Wolf,3,24
Teen Wolf,4,12
Teen Wolf,5,20
Teen Wolf,6,20
Tekken Bloodline,1,6
Terminator: The Sarah Connor Chronicles,1,9
Terminator: The Sarah Connor Chronicles,2,22
That 90s Show,1,10
The Act,1,8
The Bear,1,8
The Bear,2,10
The Best Man: The Final Chapter,1,8
The Big Door Prize,1,10
The Boss Baby: Back in the Crib,2,16
The Boys,1,8
The Boys,2,8
The Boys,3,8
The Boys Presents Diabolical,1,8
The Brave Ones,1,6
The Burning Girls,1,6
The Catch,1,2
The Changeling,1,8
The Chi,1,10
The Chi,2,10
The Chi,3,10
The Chi,4,9
The Chi,5,6
The Chi,6,8
The Cleaning Lady,1,10
The Cleaning Lady,2,12
The Clearing,1,8
The Company You Keep,1,10
The Consultant,1,8
The Continental: From the World of John Wick,1,3
The Croods Family Tree,3,6
The Croods Family Tree,4,7
The Croods Family Tree,5,6
The Crossover,1,8
The Crowded Room,1,10
The Deep End,1,4
The End of Love,1,10
The End of the Fucking World,1,8
The End of the Fucking World,2,8
The Endgame,1,10
The English,1,6
The Equalizer,1,10
The Equalizer,2,18
The Equalizer,3,18
The Essex Serpent,1,6
The Fall of the House of Usher,1,8
The Family Stallone,1,6
The Flash,9,13
The Good Doctor,2,18
The Good Doctor,6,22
The Idol,1,5
The Imperfects,1,10
The Irrational,1,4
The Irregulars,1,8
The Kardashians,2,10
The Kardashians,3,10
The Kardashians,4,3
The Killing Kind,1,6
The Lake,1,8
The Last Kingdom,1,8
The Last Kingdom,2,8
The Last Kingdom,3,10
The Last Kingdom,4,10
The Last Kingdom,5,10
The Last Thing He Told Me,1,7
The Last of Us,1,9
The Lazarus Project,1,8
The Legend of Vox Machina,2,12
The Long Shadow,1,7
The Longest Night,1,6
The Lord of the Rings: The Rings of Power,1,8
The Mandalorian,3,8
The Midnight Club,1,10
The Morning Show,1,10
The Morning Show,2,10
The Morning Show,3,7
The Most Hated Man on the Internet,1,2
The Nevers,1,12
The Night Agent,1,10
The Old Man,1,7
The Originals,1,22
The Originals,2,22
The Originals,3,22
The Originals,4,13
The Originals,5,13
The Other Black Girl,1,10
The Patient,1,10
The Power,1,9
The Quest,1,8
The Really Loud House,1,4
The Reckoning,1,4
The Recruit,1,8
The Republic of Sarah,1,13
The Rookie: Feds,1,22
The Sandman,1,1
The Santa Clauses,1,6
The Serpent Queen,1,8
The Sex Lives of College Girls,1,10
The Sex Lives of College Girls,2,10
The Snow Girl,1,6
The Son,1,10
The Son,2,10
The Summer I Turned Pretty,1,7
The Summer I Turned Pretty,2,8
The Suspect,1,5
The Terminal List,1,8
The Time Travelers Wife,1,6
The Umbrella Academy,1,10
The Umbrella Academy,2,10
The Umbrella Academy,3,7
The Upshaws,2,8
The Upshaws,3,8
The Vampire Diaries,1,22
The Vampire Diaries,2,22
The Vampire Diaries,3,22
The Vampire Diaries,5,22
The Vampire Diaries,6,22
The Vampire Diaries,7,22
The Vampire Diaries,8,16
The Villains of Valley View,1,10
The Walking Dead,1,6
The Walking Dead,2,13
The Walking Dead,3,16
The Walking Dead,4,16
The Walking Dead,5,16
The Walking Dead,6,16
The Walking Dead,7,16
The Walking Dead,8,16
The Walking Dead,9,16
The Walking Dead,10,22
The Walking Dead,11,24
The Walking Dead: Daryl Dixon,1,6
The Watchful Eye,1,10
The Way Home,1,6
The Wheel of Time,2,8
The Winchesters,1,13
The Winter King,1,8
The Witcher,1,8
The Witcher,3,8
The Woman in the Wall,1,6
Tiny Beautiful Things,1,8
Titans,4,12
Tom Clancys Jack Ryan,1,8
Tom Clancys Jack Ryan,2,8
Tom Clancys Jack Ryan,3,8
Tom Clancys Jack Ryan,4,6
Tom Swift,1,9
Too Hot to Handle,1,8
Too Hot to Handle,2,11
Too Hot to Handle,3,10
Too Hot to Handle,4,9
Too Hot to Handle,5,3
Top Boy,5,6
iCarly,1,13
iCarly,3,10
