SERIES_TITLE,NUMBER_OF_SEASONS,NUMBER_OF_EPISODES
Found,1,3
The Equalizer,3,46
Goosebumps,1,6
Frasier,1,3
The Cleaning Lady,2,22
The Family Stallone,1,6
Children Ruin Everything,1,3
Everything Now,1,8
The Vampire Diaries,7,148
The Consultant,1,8
Loot,1,8
Reasonable Doubt,1,9
SurrealEstate,2,13
Rain Dogs,1,8
Berserk: The Golden Age Arc Memorial Edition,1,1
The Walking Dead: Daryl Dixon,1,6
Lucky Hank,1,8
Sweet Tooth,2,16
Shantaram,1,12
Lookism,1,8
Irreverent,1,10
My Dad the Bounty Hunter,2,19
The Umbrella Academy,3,27
Royal Crackers,1,10
Candy,1,1
The Chi,6,53
Never Have I Ever,4,39
Praise Petey,1,10
Teen Wolf,6,100
Mech Cadets,1,10
Solos,1,7
The Witcher,2,16
The Son,2,20
Stranger Things,1,9
Chucky,3,19
The Most Hated Man on the Internet,1,2
Avatar: The Last Airbender,3,54
Adventure Time: Fionna & Cake,1,6
Krapopolis,1,4
Romantic Getaway,1,6
Heartbreak High,1,8
Spy x Family,1,25
Invasion,1,9
The Summer I Turned Pretty,2,15
The Last Kingdom,5,46
Attack on Titan,1,1
Heartstopper,1,8
The Walking Dead,11,177
Killing It,2,18
Star Wars: The Bad Batch,1,16
Pantheon,2,16
Rick and Morty,7,62
Sex/Life,2,14
Ms. Marvel,1,6
Pretty Little Liars Original Sin,1,10
Shining Girls,1,8
The Originals,5,92
Still Up,1,7
The Watchful Eye,1,10
Grownish,1,9
Outer Banks,3,30
Daniel Spellbound,2,20
Power Book II Ghost,1,10
The Lazarus Project,1,8
Money Heist,4,38
Love Me,2,12
Becoming Elizabeth,1,1
Primal,2,20
Russian Doll,2,15
Shining Vale,1,2
Godfather of Harlem,4,30
Mythic Quest Raven Banquet,2,20
Into the Badlands,3,32
The Boss Baby: Back in the Crib,1,16
Neon,1,8
Emily in Paris,3,30
Painkiller,1,6
Suspicion,1,8
Samurai Rabbit: The Usagi Chronicles,2,20
The Recruit,1,8
And Just Like That,2,21
Moon Knight,1,6
The Long Shadow,1,7
Sky Rojo,3,24
Mulligan,1,10
Better Call Saul,6,63
Sonic Prime,1,8
Grown-ish,2,29
The Midnight Club,1,10
The Continental: From the World of John Wick,1,3
The Last Thing He Told Me,1,7
Circuit Breakers,1,7
The Best Man: The Final Chapter,1,8
The Morning Show,3,27
Payback,1,6
The Changeling,1,8
iCarly,2,23
Loki,2,9
Single Drunk Female,1,10
The Old Man,1,7
"BASTARD!! Heavy Metal, Dark Fantasy",1,24
Malpractice,1,5
The End of Love,1,10
Swarm,1,7
High School Musical The Musical The Series,3,29
Star Trek: Strange New Worlds,1,10
Tiny Beautiful Things,1,8
The Republic of Sarah,1,13
Bob Hearts Abishola,4,82
Black Mirror,1,5
The Irrational,1,4
Everybody Hates Chris,4,88
Ted Lasso,3,34
DAHMER,1,10
Peaky Blinders,6,31
Kung Fu,3,39
From,2,20
Dangerous Liaisons,1,8
Sex Education,4,32
Justified City Primeval,1,8
One of Us Is Lying,2,16
The Kardashians,3,23
The Upshaws,2,16
Halo,1,9
Star Trek Strange New Worlds,1,10
Marvels M.O.D.O.K (Modok),1,10
The Lake,1,8
Demon Slayer,1,26
Run the World,2,16
Anne Rices Mayfair Witches,1,8
Spellbound,1,13
Paper Girls,1,8
Blood Sisters,1,4
Secret Invasion,1,6
Shadow and Bone,2,16
Ratched,1,8
The Nevers,1,12
The Good Doctor,2,40
Physical,3,30
Elite,5,40
Johnny vs Amber: The US Trial,1,2
The Longest Night,1,6
Rap Shit!,1,8
Supernatural Academy,1,16
Baymax!,1,6
The Essex Serpent,1,6
Beef,1,10
The Fall of the House of Usher,1,8
Acting Good,1,1
The Deep End,1,4
The Suspect,1,5
Bel-Air,1,10
The Endgame,1,10
The Terminal List,1,8
The Boys Presents Diabolical,1,8
Florida Man,1,7
Grown  ish,1,17
The Killing Kind,1,6
Rebel Cheer Squad: A Get Even Series,1,8
Plan B,1,6
Fleishman Is in Trouble,1,8
Riverdale,1,19
The Clearing,1,8
Marvels Hit-Monkey,1,10
The Villains of Valley View,1,10
Too Hot to Handle,5,41
Cobra Kai,1,10
The Power,1,9
Raising Dion,2,17
Bling Empire: New York,1,8
That 90s Show,1,10
The Last of Us,1,9
Tom Clancys Jack Ryan,4,30
Foundation,2,20
FUBAR,1,8
Six Four,1,4
Dragon Age: Absolution,1,6
The Company You Keep,1,10
Bridgerton,1,8
American Born Chinese,1,8
Castlevania: Nocturne,1,8
All American,5,91
Star Trek: Picard,3,30
Boiling Point,1,4
Bleach: Thousand Year Blood War,1,13
La Jauria,1,8
I Am Groot,2,10
Quantum Leap,2,21
She-Hulk: Attorney at Law,1,9
The Snow Girl,1,6
His Dark Materials,3,23
See,2,15
The Night Agent,1,10
Swagger,2,18
Resident Evil,1,8
Beckham,1,4
Fatal Seduction,1,14
Joe Pickett,1,9
DOTA Dragons Blood,1,8
The Brave Ones,1,6
How I Met Your Father,1,19
Ghost of Beirut,1,4
Mike,1,8
The Woman in the Wall,1,6
Cyberpunk: Edgetunners,1,10
Blood and Water,3,19
Fired on Mars,1,8
The Reckoning,1,4
Santo,1,6
Riches,1,6
Chainsaw Man,1,12
Kung Fu Panda: The Dragon Knight,1,8
Night Sky,1,8
Superman and Lois,1,13
Lupin,3,17
The Catch,1,2
The Other Black Girl,1,10
Dam,2,13
Tekken Bloodline,1,6
Bosé,1,6
Fakes,1,10
The Imperfects,1,10
Bodies,1,8
The Sex Lives of College Girls,2,20
King of Boys Return of the King,1,7
Gotham Knights,1,13
Echo 3,1,10
Inside Job,1,8
Moonhaven,1,6
Invincible,1,8
The Serpent Queen,1,8
From Scratch,1,8
Sweet Magnolias,2,17
Made for Love,1,8
The Croods Family Tree,3,19
The Flash,1,13
Inside Man,1,4
Lessons in Chemistry,1,3
Chernobyl,1,5
DAVE,1,10
Citadel,1,6
Manifest,4,62
Pennyworth,2,20
Raised by Wolves,1,10
Only Murders in the Building,2,20
High School Musical: The Musical: The Series,1,8
Clean Sweep,1,6
The Crossover,1,8
The End of the Fucking World,2,16
Marco Polo,1,2
All American Homecoming,1,15
School Spirits,1,8
The Mandalorian,1,8
ONE PIECE,1,8
BMF,2,18
Great Expectations,1,6
Star Wars: Young Jedi Adventures SHORTS,1,6
The Quest,1,8
Resident Evil Infinite Darkness,1,4
Rabbit Hole,1,8
Clickbait,1,8
Good Omens,2,12
The Winchesters,1,13
Gaslit,1,8
Made For Love,1,8
Bosch Legacy,1,4
Love Death and Robots,1,9
Reboot,1,8
Extrapolations,1,8
Dave,2,20
Tales of the Walking Dead,1,6
Maniac,1,10
Jujutsu Kaisen,1,24
Far From Home,1,5
Attack On Titan,4,75
Naomi,1,13
The Crowded Room,1,10
Shoresy,2,11
The Boys,3,24
The English,1,6
Nolly,1,3
Breaking Bad,3,36
Andor,1,12
Power Book IV Force,1,8
Black Snow,1,6
Full Circle,1,6
Raven of the Inner Palace,1,10
Nine Perfect Strangers,1,8
Gossip Girl,1,10
Stay Close,1,8
Snowpiercer,2,20
Gen V,1,6
The Time Travelers Wife,1,6
Resident Alien,1,10
The Idol,1,5
The Irregulars,1,8
The Really Loud House,1,4
Locke & Key,1,8
Mammals,1,6
Marvels Moon Girl and Devil Dinosaur,1,16
East New York,1,21
Clone High (2023),1,6
Tom Swift,1,9
Obi-Wan Kenobi,1,6
The Burning Girls,1,6
The Lord of the Rings: The Rings of Power,1,8
The Way Home,1,6
DI Ray,1,4
Shanty Town,1,6
Billy The Kid,1,2
The Winter King,1,8
Hacks,1,10
Average Joe,1,10
Django,1,10
Ahsoka,1,8
Star Wars The Book of Boba Fett,1,7
Panhandle,1,8
Dead End: Paranormal Park,1,10
Gossip Girl 2021,1,12
Blockbuster,1,10
American Horror Stories,1,5
Interview with the Vampire,1,7
Barry,2,16
Silo,1,10
Gods Favorite Idiot,1,8
Harlan Cobens Shelter,1,8
Ginny and Georgia,2,20
The Big Door Prize,1,10
Country Queen,1,6
Black Bird,1,6
Fate: The Winx Saga,2,13
Love & Death,1,7
Kaguya sama wa Kokurasetai Love is War,1,12
Surface,1,8
SkyMed,1,3
The Wheel of Time,1,8
The Rookie: Feds,1,22
Partner Track,1,10
Titans,1,12
Jane,1,10
The Bear,2,18
House of the Dragon,1,10
My Adventures With Superman,1,9
Man Vs Bee,1,8
The Patient,1,10
American Gigolo,1,8
Kizazi Moto: Generation Fire,1,10
Top Boy,1,6
Mythic Quest,1,10
Power Book III Raising Kanan,1,10
LEGO DreamZzz,1,10
Gangs of London,2,17
"Boo, Bitch",1,8
High Card,1,9
The Legend of Vox Machina,1,12
The Santa Clauses,1,6
Terminator: The Sarah Connor Chronicles,2,31
The Act,1,8
The Sandman,1,1
Mayor of Kingstown,1,10
